	Name	Shape	Length	Width	Diameter	Subspecies	File #	Notes	length_gmean	width_gmean	length_amean	width_amean	volume_gmean	surface_gmean	volume_amean	surface_amean	length_ranges	width_ranges	length_ranges_fix	width_ranges_fix
0	Thermoproteus tenax	rod	1-100	0.4		No	7		10.000000000000002	0.4	50.5	0.4	1.239881900616772	12.566370614359174	6.329261999432237	63.460171602513824	[1.0, 100.0]	[0.4, 0.4]	[1.0, 100.0]	[0.4, 0.4]
1	Thermoproteus neutrophilus	rod	1-100	0.4		No	7		10.000000000000002	0.4	50.5	0.4	1.239881900616772	12.566370614359174	6.329261999432237	63.460171602513824	[1.0, 100.0]	[0.4, 0.4]	[1.0, 100.0]	[0.4, 0.4]
2	Thermoproteus uzoniensis	rod	1.0-20.0	0.3-0.4		No	7		4.472135954999579	0.34641016151377546	10.5	0.35	0.41060608767703816	4.866934411168333	0.9989937389180791	11.54535300194249	[1.0, 20.0]	[0.3, 0.4]	[1.0, 20.0]	[0.3, 0.4]
3	Caldivirga maquilingensis	rod	3.0-20.0	0.4-0.7		No	7		7.745966692414833	0.529150262212918	11.5	0.55	1.6646383037926078	12.876698099213987	2.68864698777379	19.870573533955444	[3.0, 20.0]	[0.4, 0.7]	[3.0, 20.0]	[0.4, 0.7]
4	Pyrobaculum islandicum	rod	1.5-8	0.5-0.8		No	7		3.464101615137754	0.6324555320336759	4.75	0.65	1.0220490301018896	6.882884651454571	1.5042992822939125	9.699667317958486	[1.5, 8.0]	[0.5, 0.8]	[1.5, 8.0]	[0.5, 0.8]
5	Pyrobaculum aerophilum	rod	1.5-8	0.5-0.8		No	7		3.464101615137754	0.6324555320336759	4.75	0.65	1.0220490301018896	6.882884651454571	1.5042992822939125	9.699667317958486	[1.5, 8.0]	[0.5, 0.8]	[1.5, 8.0]	[0.5, 0.8]
6	Pyrobaculum organotrophum	rod	1.5-8	0.5-0.8		No	7		3.464101615137754	0.6324555320336759	4.75	0.65	1.0220490301018896	6.882884651454571	1.5042992822939125	9.699667317958486	[1.5, 8.0]	[0.5, 0.8]	[1.5, 8.0]	[0.5, 0.8]
7	Thermocladium modestius	rod	5.0-20.0	1.0-3.0		No	7		9.999999999999998	1.7320508075688774	12.5	2.0	22.20159537874779	54.41398092702653	37.17551306747922	78.53981633974483	[5.0, 20.0]	[1.0, 3.0]	[5.0, 20.0]	[1.0, 3.0]
8	Thermofilum pendens	rod	1-100	0.15-0.35		No	7		10.000000000000002	0.229128784747792	50.5	0.25	0.4091847825660183	7.198293068896205	2.4748223377888343	39.66260725157114	[1.0, 100.0]	[0.15, 0.35]	[1.0, 100.0]	[0.15, 0.35]
9	Desulfurococcus mucosus	spherical	0.2-5	0.2-5		No	7		1.0	1.0	2.6	2.6	0.5235987755982988	3.141592653589793	9.202772079915702	21.237166338267002	[0.2, 5.0]	[0.2, 5.0]	[0.2, 5.0]	[0.2, 5.0]
10	Staphylothermus marinus	spherical	0.5-15	0.5-15		No	7		2.7386127875258306	2.7386127875258306	7.75	7.75	10.754507267897766	23.56194490192345	243.72704881013937	188.69190875623696	[0.5, 15.0]	[0.5, 15.0]	[0.5, 15.0]	[0.5, 15.0]
11	Stetteria hydrogenophila	spherical	0.5-15	0.5-15		No	7		2.7386127875258306	2.7386127875258306	7.75	7.75	10.754507267897766	23.56194490192345	243.72704881013937	188.69190875623696	[0.5, 15.0]	[0.5, 15.0]	[0.5, 15.0]	[0.5, 15.0]
12	Sulfophobococcus zilligii	spherical	40	3.0-5.0		No	7		40.0	3.872983346207417	40.0	4.0	456.0297280035679	486.69344111683347	485.8996637552213	502.6548245743669	[40.0, 40.0]	[3.0, 5.0]	[40.0, 40.0]	[3.0, 5.0]
13	Pyrodictium occultum	disk	0.1-0.2	0.3-2.5		No	7		0.8660254037844386	0.14142135623730953	1.4	0.15000000000000002	0.012863014742063575	0.38476494904855923	0.0238564692131975	0.6597344572538566	[0.1, 0.2]	[0.3, 2.5]	[0.3, 2.5]	[0.1, 0.2]
14	Pyrodietium broekü	disk	0.2	0.3-2.5		No	7		0.8660254037844386	0.2	1.4	0.2	0.025112595361120073	0.5441398092702653	0.04188790204786391	0.879645943005142	[0.2, 0.2]	[0.3, 2.5]	[0.3, 2.5]	[0.2, 0.2]
15	Hyperthermus butylicus	spherical	1.5	1.5		No	7		1.5	1.5	1.5	1.5	1.7671458676442586	7.0685834705770345	1.7671458676442586	7.0685834705770345	[1.5, 1.5]	[1.5, 1.5]	[1.5, 1.5]	[1.5, 1.5]
16	Pyrolobus fumarii	spherical	0.7-2.5	0.7-2.5		No	7		1.3228756555322954	1.3228756555322954	1.6	1.6	1.2121481286346372	5.497787143782139	2.1446605848506324	8.042477193189871	[0.7, 2.5]	[0.7, 2.5]	[0.7, 2.5]	[0.7, 2.5]
17	Sulfolobus acidocaldarius	spherical	0.7-2.0	0.7-2.0		No	7		1.1832159566199232	1.1832159566199232	1.35	1.35	0.8673425966163862	4.39822971502571	1.2882493375126647	5.725552611167398	[0.7, 2.0]	[0.7, 2.0]	[0.7, 2.0]	[0.7, 2.0]
18	MetaIlosphaera sedula	spherical	0.6-1.5	0.6-1.5		No	8		0.9486832980505138	0.9486832980505138	1.05	1.05	0.4470564719608244	2.827433388230814	0.6061310326019806	3.463605900582747	[0.6, 1.5]	[0.6, 1.5]	[0.6, 1.5]	[0.6, 1.5]
19	Metallosphaera prunae	spherical	0.6-1.5	0.6-1.5		No	8		0.9486832980505138	0.9486832980505138	1.05	1.05	0.4470564719608244	2.827433388230814	0.6061310326019806	3.463605900582747	[0.6, 1.5]	[0.6, 1.5]	[0.6, 1.5]	[0.6, 1.5]
20	Stygiolobus azoricus	spherical	0.5-1.8	0.5-1.8		No	8		0.9486832980505139	0.9486832980505139	1.15	1.15	0.4470564719608246	2.8274333882308142	0.7963282878380625	4.1547562843725006	[0.5, 1.8]	[0.5, 1.8]	[0.5, 1.8]	[0.5, 1.8]
21	Sulfurisphaera ohwakuensis	spherical	1.2-1.5	1.2-1.5		No	8		1.3416407864998738	1.3416407864998738	1.35	1.35	1.2644666515873306	5.654866776461628	1.2882493375126647	5.725552611167398	[1.2, 1.5]	[1.2, 1.5]	[1.2, 1.5]	[1.2, 1.5]
22	Sulfurococcus mirabilis	spherical	0.8-2.5	0.8-2.5		No	8		1.4142135623730951	1.4142135623730951	1.65	1.65	1.4809609793861225	6.283185307179587	2.3520711498345075	8.552985999398212	[0.8, 2.5]	[0.8, 2.5]	[0.8, 2.5]	[0.8, 2.5]
23	Sulfurococcus yellowstonensis	spherical	0.8-1	0.8-1		No	8		0.8944271909999159	0.8944271909999159	0.9	0.9	0.37465678565550536	2.5132741228718345	0.3817035074111599	2.5446900494077327	[0.8, 1.0]	[0.8, 1.0]	[0.8, 1.0]	[0.8, 1.0]
24	Methanobacterium formicicum	rod	2.0-15.0	0.4-0.8		No	8		5.477225575051661	0.565685424949238	8.5	0.6000000000000001	1.3291861789505588	9.73386882233667	2.346769712231576	16.022122533307947	[2.0, 15.0]	[0.4, 0.8]	[2.0, 15.0]	[0.4, 0.8]
25	Methanobacterium alcaliphilum	rod	2.0-25.0	0.5-0.6		No	8		7.071067811865475	0.5477225575051662	13.5	0.55	1.6230630727377968	12.167336027920836	3.1638128766292466	23.326325452904218	[2.0, 25.0]	[0.5, 0.6]	[2.0, 25.0]	[0.5, 0.6]
26	Methanobacterium bryantii	rod	10.0-15.0	0.5-1.0		No	8		12.247448713915889	0.7071067811865476	12.5	0.75	4.717001801895358	27.20699046351326	5.411884219660542	29.45243112740431	[10.0, 15.0]	[0.5, 1.0]	[10.0, 15.0]	[0.5, 1.0]
27	Methanobacterium espanolense	rod	3.0-9.0	0.8		No	8		5.196152422706632	0.8	6.0	0.8	2.4778297979441093	13.059355422486368	2.881887660893037	15.079644737231007	[3.0, 9.0]	[0.8, 0.8]	[3.0, 9.0]	[0.8, 0.8]
28	Methanobacterium ivanovii	rod	1.0-15.0	0.5-0.8		No	8		3.872983346207417	0.6324555320336759	8.0	0.65	1.150503014353443	7.695298980971185	2.582749135409034	16.336281798666924	[1.0, 15.0]	[0.5, 0.8]	[1.0, 15.0]	[0.5, 0.8]
29	Methanobacterium palustre	rod	2.5-5	0.5		No	8		3.5355339059327378	0.5	3.75	0.5	0.6614755356123511	5.553603672697958	0.7035858547102141	5.890486225480862	[2.5, 5.0]	[0.5, 0.5]	[2.5, 5.0]	[0.5, 0.5]
30	Methanobacterium subterraneum	rod	0.6-1.2	0.1-0.15		No	8		0.848528137423857	0.12247448713915894	0.8999999999999999	0.125	0.009515530424545629	0.3264838855621593	0.010533334743481402	0.35342917352885167	[0.6, 1.2]	[0.1, 0.15]	[0.6, 1.2]	[0.1, 0.15]
31	Methanobacterium uliginosum	rod	1.9-3.8	0.2-0.6		No	8		2.68700576850888	0.34641016151377546	2.8499999999999996	0.4	0.2423615312896215	2.9242136127690492	0.3413864016900908	3.581415625092364	[1.9, 3.8]	[0.2, 0.6]	[1.9, 3.8]	[0.2, 0.6]
32	Methanobrevibacter ruminantium	rod	0.8-1.7	0.7		No	8		1.1661903789690602	0.7	1.25	0.7	0.35900546307378794	2.5645865890794073	0.39125918506582874	2.748893571891069	[0.8, 1.7]	[0.7, 0.7]	[0.8, 1.7]	[0.7, 0.7]
33	Methanobrevibacter arboriphilus	rod	1.2-1.4	0.5		No	8		1.296148139681572	0.5	1.2999999999999998	0.5	0.22177316862433777	2.0359847367938517	0.22252947962927697	2.042035224833365	[1.2, 1.4]	[0.5, 0.5]	[1.2, 1.4]	[0.5, 0.5]
34	Methanobrevibacter curvatu	rod	1.6	0.34		No	8		1.6	0.34	1.6	0.34	0.13497748116393432	1.7090264035528477	0.13497748116393432	1.7090264035528477	[1.6, 1.6]	[0.34, 0.34]	[1.6, 1.6]	[0.34, 0.34]
35	Methanobrevibacter oralis	rod	0.7-1.2	0.4-0.5		No	8		0.916515138991168	0.447213595499958	0.95	0.45	0.12054981227445499	1.2876698099213992	0.12723450247038662	1.3430308594096365	[0.7, 1.2]	[0.4, 0.5]	[0.7, 1.2]	[0.4, 0.5]
36	Methanobrevibacter smithü	rod	1	0.6-0.7		No	8		1.0	0.648074069840786	1.0	0.6499999999999999	0.25860776283914344	2.0359847367938517	0.2599340671610804	2.042035224833365	[1.0, 1.0]	[0.6, 0.7]	[1.0, 1.0]	[0.6, 0.7]
37	Methanosphaera stadtmanae	spherical	1	1		No	8		1.0	1.0	1.0	1.0	0.5235987755982988	3.141592653589793	0.5235987755982988	3.141592653589793	[1.0, 1.0]	[1.0, 1.0]	[1.0, 1.0]	[1.0, 1.0]
38	Methanosphaera cuniculi	spherical	0.6-1.2	0.6-1.2		No	8		0.848528137423857	0.848528137423857	0.8999999999999999	0.8999999999999999	0.3198875715474024	2.261946710584651	0.38170350741115966	2.544690049407732	[0.6, 1.2]	[0.6, 1.2]	[0.6, 1.2]	[0.6, 1.2]
39	Methanothermobacter thermautotrophicus	rod	3.0-7.0	0.35-0.6		No	8		4.58257569495584	0.45825756949558394	5.0	0.475	0.7306267464929646	6.597344572538565	0.8579697718184593	7.461282552275758	[3.0, 7.0]	[0.35, 0.6]	[3.0, 7.0]	[0.35, 0.6]
40	Methanothermobacter marburgensis	rod	3.0-6.0	0.4-0.6		No	8		4.242640687119285	0.48989794855663565	4.5	0.5	0.7689377329446213	6.529677711243184	0.8508480103472356	7.0685834705770345	[3.0, 6.0]	[0.4, 0.6]	[3.0, 6.0]	[0.4, 0.6]
41	Methanothermobacter thermoflexus	rod	7.0-20.0	0.4		No	8		11.832159566199229	0.4	13.5	0.4	1.4701178619518023	14.868730227709475	1.6797048721193428	16.964600329384883	[7.0, 20.0]	[0.4, 0.4]	[7.0, 20.0]	[0.4, 0.4]
42	Methanothermobacter thermoflexus	rod	1.4-6.5	0.36		No	8		3.0166206257996713	0.36	3.95	0.36	0.29484006733526485	3.4117175508046893	0.3898465155692646	4.467344753404686	[1.4, 6.5]	[0.36, 0.36]	[1.4, 6.5]	[0.36, 0.36]
43	Methanothermobacter wolfeü	rod	0.4-0.6	2.5-6		No	8		3.872983346207417	0.48989794855663565	4.25	0.5	0.6992589657513656	5.960752959477661	0.8017606251348951	6.675884388878311	[0.4, 0.6]	[2.5, 6.0]	[2.5, 6.0]	[0.4, 0.6]
44	Methanothermus fervidus	rod	1.0-3.0	0.3-0.4		No	8		1.7320508075688774	0.34641016151377546	2.0	0.35	0.1523591465956743	1.8849555921538756	0.18119790128048627	2.199114857512855	[1.0, 3.0]	[0.3, 0.4]	[1.0, 3.0]	[0.3, 0.4]
45	Methanothermus sociabilis	rod	1.0-3.0	0.3-0.4		No	8		1.7320508075688774	0.34641016151377546	2.0	0.35	0.1523591465956743	1.8849555921538756	0.18119790128048627	2.199114857512855	[1.0, 3.0]	[0.3, 0.4]	[1.0, 3.0]	[0.3, 0.4]
46	Methanococcus vannielli	spherical	1.0-2.0	1.0-2.0		No	9		1.414213562373095	1.414213562373095	1.5	1.5	1.4809609793861214	6.283185307179585	1.7671458676442586	7.0685834705770345	[1.0, 2.0]	[1.0, 2.0]	[1.0, 2.0]	[1.0, 2.0]
47	Methanococcus maripaludis	spherical	1.0-2.0	1.0-2.0		No	9		1.414213562373095	1.414213562373095	1.5	1.5	1.4809609793861214	6.283185307179585	1.7671458676442586	7.0685834705770345	[1.0, 2.0]	[1.0, 2.0]	[1.0, 2.0]	[1.0, 2.0]
48	Methanococcus voltae	spherical	1.0-2.0	1.0-2.0		No	9		1.414213562373095	1.414213562373095	1.5	1.5	1.4809609793861214	6.283185307179585	1.7671458676442586	7.0685834705770345	[1.0, 2.0]	[1.0, 2.0]	[1.0, 2.0]	[1.0, 2.0]
49	Methanothermococcus thermolithotrophicus	spherical	1.0-2.0	1.0-2.0		No	9		1.414213562373095	1.414213562373095	1.5	1.5	1.4809609793861214	6.283185307179585	1.7671458676442586	7.0685834705770345	[1.0, 2.0]	[1.0, 2.0]	[1.0, 2.0]	[1.0, 2.0]
50	Methanocaldococcus jannaschü	spherical	1.5	1.5		No	9		1.5	1.5	1.5	1.5	1.7671458676442586	7.0685834705770345	1.7671458676442586	7.0685834705770345	[1.5, 1.5]	[1.5, 1.5]	[1.5, 1.5]	[1.5, 1.5]
51	Methanocaldococcus fervens	spherical	1.2	1.2		No	9		1.2	1.2	1.2	1.2	0.9047786842338604	4.523893421169302	0.9047786842338604	4.523893421169302	[1.2, 1.2]	[1.2, 1.2]	[1.2, 1.2]	[1.2, 1.2]
52	Methanocaldococcus infernus	spherical	1.3	1.3		No	9		1.3	1.3	1.3	1.3	1.1503465099894628	5.3092915845667505	1.1503465099894628	5.3092915845667505	[1.3, 1.3]	[1.3, 1.3]	[1.3, 1.3]	[1.3, 1.3]
53	Methanocaldococcus vulcanius	spherical	1.3	1.3		No	9		1.3	1.3	1.3	1.3	1.1503465099894628	5.3092915845667505	1.1503465099894628	5.3092915845667505	[1.3, 1.3]	[1.3, 1.3]	[1.3, 1.3]	[1.3, 1.3]
54	Methanotorris igneus	spherical	1.2	1.2		No	9		1.2	1.2	1.2	1.2	0.9047786842338604	4.523893421169302	0.9047786842338604	4.523893421169302	[1.2, 1.2]	[1.2, 1.2]	[1.2, 1.2]	[1.2, 1.2]
55	Methanomicrobium mobile	rod	1.5-2.0	0.7		No	9		1.7320508075688772	0.7	1.75	0.7	0.5767740763409667	3.8089786648918573	0.5836817350982035	3.8484510006474966	[1.5, 2.0]	[0.7, 0.7]	[1.5, 2.0]	[0.7, 0.7]
56	Methanoculleus bourgensis	spherical	1.0-2.0	1.0-2.0		No	9		1.414213562373095	1.414213562373095	1.5	1.5	1.4809609793861214	6.283185307179585	1.7671458676442586	7.0685834705770345	[1.0, 2.0]	[1.0, 2.0]	[1.0, 2.0]	[1.0, 2.0]
57	Methanoculleus marisnigri	spherical	1.3	1.3		No	9		1.3	1.3	1.3	1.3	1.1503465099894628	5.3092915845667505	1.1503465099894628	5.3092915845667505	[1.3, 1.3]	[1.3, 1.3]	[1.3, 1.3]	[1.3, 1.3]
58	Methanoculleus oldenburgensis	spherical	0.5-1.5	0.5-1.5		No	9		0.8660254037844387	0.8660254037844387	1.0	1.0	0.34008738079391587	2.3561944901923453	0.5235987755982988	3.141592653589793	[0.5, 1.5]	[0.5, 1.5]	[0.5, 1.5]	[0.5, 1.5]
59	Methanoculleus olentangyi	spherical	0.5-2.0	0.5-2.0		No	9		1.0	1.0	1.25	1.25	0.5235987755982988	3.141592653589793	1.0226538585904275	4.908738521234052	[0.5, 2.0]	[0.5, 2.0]	[0.5, 2.0]	[0.5, 2.0]
60	Methanoculleus palmolei	spherical	1.25-2.0	1.25-2.0		No	9		1.5811388300841898	1.5811388300841898	1.625	1.625	2.0697058887075217	7.853981633974484	2.246770527323169	8.295768100885548	[1.25, 2.0]	[1.25, 2.0]	[1.25, 2.0]	[1.25, 2.0]
61	Methanoculleus thermophilicus	spherical	1.0-1.3	1.0-1.3		No	9		1.140175425099138	1.140175425099138	1.15	1.15	0.7760927935139323	4.084070449666731	0.7963282878380625	4.1547562843725006	[1.0, 1.3]	[1.0, 1.3]	[1.0, 1.3]	[1.0, 1.3]
62	Methanofollis tationis	spherical	1.5-3	1.5-3		No	9		2.121320343559643	2.121320343559643	2.25	2.25	4.998243305428163	14.137166941154073	5.964117303299373	15.904312808798327	[1.5, 3.0]	[1.5, 3.0]	[1.5, 3.0]	[1.5, 3.0]
63	Methanofollis liminatans	spherical	1.25-2.0	1.25-2.0		No	9		1.5811388300841898	1.5811388300841898	1.625	1.625	2.0697058887075217	7.853981633974484	2.246770527323169	8.295768100885548	[1.25, 2.0]	[1.25, 2.0]	[1.25, 2.0]	[1.25, 2.0]
64	Methanogenium cariaci	spherical	2.6	2.6		No	9		2.6	2.6	2.6	2.6	9.202772079915702	21.237166338267002	9.202772079915702	21.237166338267002	[2.6, 2.6]	[2.6, 2.6]	[2.6, 2.6]	[2.6, 2.6]
65	Methanogenium frigidum	spherical	1.2-2.5	1.2-2.5		No	9		1.7320508075688774	1.7320508075688774	1.85	1.85	2.720699046351327	9.424777960769381	3.3152310975475796	10.752100856911067	[1.2, 2.5]	[1.2, 2.5]	[1.2, 2.5]	[1.2, 2.5]
66	Methanogenium frittonii	spherical	1.0-2.5	1.0-2.5		No	9		1.5811388300841898	1.5811388300841898	1.75	1.75	2.0697058887075217	7.853981633974484	2.8061621879721326	9.62112750161874	[1.0, 2.5]	[1.0, 2.5]	[1.0, 2.5]	[1.0, 2.5]
67	Methanogenium organophilum	spherical	0.5-1.5	0.5-1.5		No	9		0.8660254037844387	0.8660254037844387	1.0	1.0	0.34008738079391587	2.3561944901923453	0.5235987755982988	3.141592653589793	[0.5, 1.5]	[0.5, 1.5]	[0.5, 1.5]	[0.5, 1.5]
68	Methanolacinia paynteri	rod	1.5-2.5	0.6		No	9		1.9364916731037085	0.6	2.0	0.6	0.4909814534918213	3.6502008083762507	0.5089380098815465	3.7699111843077517	[1.5, 2.5]	[0.6, 0.6]	[1.5, 2.5]	[0.6, 0.6]
69	Methanopianus funicola	disk	1-3.5	1.0-2.0		No	9		1.8708286933869707	1.414213562373095	2.25	1.5	2.198210349941688	8.311872882066082	3.0925052683774528	10.602875205865551	[1.0, 3.5]	[1.0, 2.0]	[1.0, 3.5]	[1.0, 2.0]
70	Methanopianus endosymbiosus	disk	1-3.5	1.0-2.0		No	9		1.8708286933869707	1.414213562373095	2.25	1.5	2.198210349941688	8.311872882066082	3.0925052683774528	10.602875205865551	[1.0, 3.5]	[1.0, 2.0]	[1.0, 3.5]	[1.0, 2.0]
71	Methanopianus petrolearius	disk	1-3.5	1.0-2.0		No	9		1.8708286933869707	1.414213562373095	2.25	1.5	2.198210349941688	8.311872882066082	3.0925052683774528	10.602875205865551	[1.0, 3.5]	[1.0, 2.0]	[1.0, 3.5]	[1.0, 2.0]
72	Methanocorpusculum parvum	spherical	1	1		No	9		1.0	1.0	1.0	1.0	0.5235987755982988	3.141592653589793	0.5235987755982988	3.141592653589793	[1.0, 1.0]	[1.0, 1.0]	[1.0, 1.0]	[1.0, 1.0]
73	Methanocorpusculum bavaricum	spherical	0.2	0.2		No	9		0.2	0.2	0.2	0.2	0.004188790204786391	0.12566370614359174	0.004188790204786391	0.12566370614359174	[0.2, 0.2]	[0.2, 0.2]	[0.2, 0.2]	[0.2, 0.2]
74	Methanocorpusculum labreanum	spherical	0.4-2.0	0.4-2.0		No	9		0.8944271909999159	0.8944271909999159	1.2	1.2	0.37465678565550536	2.5132741228718345	0.9047786842338604	4.523893421169302	[0.4, 2.0]	[0.4, 2.0]	[0.4, 2.0]	[0.4, 2.0]
75	Methanocorpusculum sinense	spherical	0.2	0.2		No	9		0.2	0.2	0.2	0.2	0.004188790204786391	0.12566370614359174	0.004188790204786391	0.12566370614359174	[0.2, 0.2]	[0.2, 0.2]	[0.2, 0.2]	[0.2, 0.2]
76	Methanospirillwn hungateü	rod	7.4-10	0.4-0.5		No	9		8.602325267042628	0.447213595499958	8.7	0.45	1.32783404403308	12.085948251424982	1.3598187451522572	12.299335238804039	[7.4, 10.0]	[0.4, 0.5]	[7.4, 10.0]	[0.4, 0.5]
77	Methanocalculus halotolerans	spherical	0.8-1.0	0.8-1.0		No	9		0.8944271909999159	0.8944271909999159	0.9	0.9	0.37465678565550536	2.5132741228718345	0.3817035074111599	2.5446900494077327	[0.8, 1.0]	[0.8, 1.0]	[0.8, 1.0]	[0.8, 1.0]
78	Methanosarcina barkeri	spherical	1.5-2	1.5-2		No	10		1.7320508075688772	1.7320508075688772	1.75	1.75	2.720699046351326	9.424777960769378	2.8061621879721326	9.62112750161874	[1.5, 2.0]	[1.5, 2.0]	[1.5, 2.0]	[1.5, 2.0]
79	Methanosarcina acetivorans	spherical	1.5-2.5	1.5-2.5		No	10		1.9364916731037085	1.9364916731037085	2.0	2.0	3.802292508725261	11.780972450961725	4.1887902047863905	12.566370614359172	[1.5, 2.5]	[1.5, 2.5]	[1.5, 2.5]	[1.5, 2.5]
80	Methanosarcina acetivorans	spherical	1.0-3.0	1.0-3.0		No	10		1.7320508075688774	1.7320508075688774	2.0	2.0	2.720699046351327	9.424777960769381	4.1887902047863905	12.566370614359172	[1.0, 3.0]	[1.0, 3.0]	[1.0, 3.0]	[1.0, 3.0]
81	Methanosarcina thermophila	spherical	1.0-3.0	1.0-3.0		No	10		1.7320508075688774	1.7320508075688774	2.0	2.0	2.720699046351327	9.424777960769381	4.1887902047863905	12.566370614359172	[1.0, 3.0]	[1.0, 3.0]	[1.0, 3.0]	[1.0, 3.0]
82	Methanosarcina vacuolata	spherical	1.0-2.0	1.0-2.0		No	10		1.414213562373095	1.414213562373095	1.5	1.5	1.4809609793861214	6.283185307179585	1.7671458676442586	7.0685834705770345	[1.0, 2.0]	[1.0, 2.0]	[1.0, 2.0]	[1.0, 2.0]
83	Methanococcoides methylutens	spherical	0.8-1.8	0.8-1.8		No	10		1.2	1.2	1.3	1.3	0.9047786842338604	4.523893421169302	1.1503465099894628	5.3092915845667505	[0.8, 1.8]	[0.8, 1.8]	[0.8, 1.8]	[0.8, 1.8]
84	Methanococcoides burtonii	spherical	0.8-1.8	0.8-1.8		No	10		1.2	1.2	1.3	1.3	0.9047786842338604	4.523893421169302	1.1503465099894628	5.3092915845667505	[0.8, 1.8]	[0.8, 1.8]	[0.8, 1.8]	[0.8, 1.8]
85	Methanohalobium evestigatum	spherical	0.2-2	0.2-2		No	10		0.6324555320336759	0.6324555320336759	1.1	1.1	0.13246117687728134	1.2566370614359175	0.696909970321336	3.8013271108436504	[0.2, 2.0]	[0.2, 2.0]	[0.2, 2.0]	[0.2, 2.0]
86	Methanohalophilus mahü	spherical	1	1		No	10		1.0	1.0	1.0	1.0	0.5235987755982988	3.141592653589793	0.5235987755982988	3.141592653589793	[1.0, 1.0]	[1.0, 1.0]	[1.0, 1.0]	[1.0, 1.0]
87	Methanohalophilus halophilus	spherical	0.5-2.0	0.5-2.0		No	10		1.0	1.0	1.25	1.25	0.5235987755982988	3.141592653589793	1.0226538585904275	4.908738521234052	[0.5, 2.0]	[0.5, 2.0]	[0.5, 2.0]	[0.5, 2.0]
88	Methanohalophilus portucalensis	spherical	0.6-2.0	0.6-2.0		No	10		1.0954451150103321	1.0954451150103321	1.3	1.3	0.6882884651454569	3.7699111843077513	1.1503465099894628	5.3092915845667505	[0.6, 2.0]	[0.6, 2.0]	[0.6, 2.0]	[0.6, 2.0]
89	Methanolobus tindarius	spherical	0.8-1.25	0.8-1.25		No	10		1.0	1.0	1.025	1.025	0.5235987755982988	3.141592653589793	0.5638586127032866	3.3006357816777756	[0.8, 1.25]	[0.8, 1.25]	[0.8, 1.25]	[0.8, 1.25]
90	Methanolobus bombayensis	spherical	1-1.5	1-1.5		No	10		1.224744871391589	1.224744871391589	1.25	1.25	0.9619123726213977	4.712388980384689	1.0226538585904275	4.908738521234052	[1.0, 1.5]	[1.0, 1.5]	[1.0, 1.5]	[1.0, 1.5]
91	Methanolobus oregonensis	spherical	1.0-1.5	1.0-1.5		No	10		1.224744871391589	1.224744871391589	1.25	1.25	0.9619123726213977	4.712388980384689	1.0226538585904275	4.908738521234052	[1.0, 1.5]	[1.0, 1.5]	[1.0, 1.5]	[1.0, 1.5]
92	Methanolobus taylorii	spherical	0.5-1.0	0.5-1.0		No	10		0.7071067811865476	0.7071067811865476	0.75	0.75	0.1851201224232653	1.5707963267948968	0.22089323345553233	1.7671458676442586	[0.5, 1.0]	[0.5, 1.0]	[0.5, 1.0]	[0.5, 1.0]
93	Methanolobus vulcani	spherical	0.8-1.25	0.8-1.25		No	10		1.0	1.0	1.025	1.025	0.5235987755982988	3.141592653589793	0.5638586127032866	3.3006357816777756	[0.8, 1.25]	[0.8, 1.25]	[0.8, 1.25]	[0.8, 1.25]
94	Methanosalsum zhilinae	spherical	0.8-1.5	0.8-1.5		No	10		1.0954451150103321	1.0954451150103321	1.15	1.15	0.6882884651454569	3.7699111843077513	0.7963282878380625	4.1547562843725006	[0.8, 1.5]	[0.8, 1.5]	[0.8, 1.5]	[0.8, 1.5]
95	Methanosaeta concilli	rod	2.0-6.0	0.8		No	10		3.464101615137755	0.8	4.0	0.8	1.6072061031116847	8.706236948324245	1.8765780117443034	10.053096491487338	[2.0, 6.0]	[0.8, 0.8]	[2.0, 6.0]	[0.8, 0.8]
96	Methanosaeta thermophila	rod	2.0-6.0	0.8-1.3		No	10		3.464101615137755	1.019803902718557	4.0	1.05	2.551863609302203	11.098318022366959	3.1605403842817568	13.194689145077131	[2.0, 6.0]	[0.8, 1.3]	[2.0, 6.0]	[0.8, 1.3]
97	Halobacteriwn salinarwn	rod	1.0-6.0	0.5-1.0		No	10		2.449489742783178	0.7071067811865476	3.5	0.75	0.8693523114097657	5.441398092702653	1.4358060174609601	8.246680715673207	[1.0, 6.0]	[0.5, 1.0]	[1.0, 6.0]	[0.5, 1.0]
98	Haloarcula vallismortis	rod	3.0-5.0	0.6-1.0		No	10		3.872983346207417	0.7745966692414834	4.0	0.8	1.703427043908917	9.424777960769381	1.8765780117443034	10.053096491487338	[3.0, 5.0]	[0.6, 1.0]	[3.0, 5.0]	[0.6, 1.0]
99	Haloarcula argentinensis	rod	1	0.3		No	10		1.0	0.3	1.0	0.3	0.06361725123519331	0.9424777960769379	0.06361725123519331	0.9424777960769379	[1.0, 1.0]	[0.3, 0.3]	[1.0, 1.0]	[0.3, 0.3]
100	Haloarcula hispanica	rod	0.5-1.0	0.3		No	10		0.7071067811865476	0.3	0.75	0.3	0.04291384958370459	0.666432440723755	0.045945792558750725	0.7068583470577035	[0.5, 1.0]	[0.3, 0.3]	[0.5, 1.0]	[0.3, 0.3]
101	Haloarcula japonica	triangular	2.0-5.0	0.2-0.5		No	10		3.162277660168379	0.316227766016838	3.5	0.35	0.2400858830900725	3.1415926535897936	0.3255148138047674	3.8484510006474966	[2.0, 5.0]	[0.2, 0.5]	[2.0, 5.0]	[0.2, 0.5]
102	Haloarcula marismortui	disk	2.0-3.0	1.0-2.0		No	10		2.449489742783178	1.414213562373095	2.5	1.5	3.10716900079253	10.882796185405306	3.5342917352885173	11.780972450961723	[2.0, 3.0]	[1.0, 2.0]	[2.0, 3.0]	[1.0, 2.0]
