taxid	length	width	volume	surface	shape	species	genus	family	order	class	phylum	superkingdom	rank	node	genome	gc	proteins	coding	rrnas
txid454006	0.9	0.5	0.1439896632895322	1.413716694115407	rod-shaped	Epilithonimonas hungarica	Epilithonimonas	Weeksellaceae	Flavobacteriales	Flavobacteriia	Bacteroidetes	Bacteria	genus	N9311	4110227.7019072548	37.12524058860001	3806.7019072552666	89.48264843061418	1.3685739219333335
txid455359	2.6	0.7	0.9108000701532408	5.717698629533424	rod-shaped	Balneola alkaliphila	Balneola	Balneolaceae	Balneolales	Balneolia	Balneolaeota	Bacteria	genus	N5261	3240989.5652963277	38.99529632795	2805.56529632795	91.79342763835078	2.56529632795
txid434464	2.5	0.9	1.3995795271742528	7.0685834705770345	ovoid-shaped	Leuconostoc holzapfelii	Leuconostoc	Lactobacillaceae	Lactobacillales	Bacilli	Firmicutes	Bacteria	genus	N6522	1896387.8783877776	38.249637777575	1879.253387777575	88.66843865749158	3.315887777575
txid1036779	1.3416407864998738	0.8	0.5403409276267451	3.3719110708995483	rod-shaped	Bosea lupini	Bosea	Boseaceae	Hyphomicrobiales	Alphaproteobacteria	Proteobacteria	Bacteria	genus	N8876	5603641.584951336	66.673701335	5402.959951335	88.90911862130959	1.084951335
txid2182787	1.7972200755611432	0.4898979485566356	0.30798680725213395	2.7660291632093235	rod-shaped	Abyssibacter profundi	Abyssibacter	Salinisphaeraceae	Salinisphaerales	Gammaproteobacteria	Proteobacteria	Bacteria	family	N4608	4021322.0959257493	62.7109257498	3685.0959257498	88.76099446867764	1.0959257498000001
txid244365	2.1	1.0	1.3875367553354918	6.5973445725385655	rod-shaped	Methylohalobius crimeensis	Methylohalobius	Methylothermaceae	Methylococcales	Gammaproteobacteria	Proteobacteria	Bacteria	species	G000421465	3509607.0	58.28	3367.0	91.32338749039423	2.0
txid1063	1.7320508075688772	1.3416407864998738	1.8163958159225289	7.3004016167525005	ovoid-shaped	Cereibacter sphaeroides	Cereibacter	Rhodobacteraceae	Rhodobacterales	Alphaproteobacteria	Proteobacteria	Bacteria	species	N8868	4580052.021067461	68.5310674609	4427.5210674609	88.54597194423502	3.5210674609
txid1195761	1.35	0.5	0.23234695667174515	2.1205750411731104	rod-shaped	Ornithinimicrobium tianjinense	Ornithinimicrobium	Ornithinimicrobiaceae	Micrococcales	Actinomycetia	Actinobacteria	Bacteria	genus	G000421185	3852644.0	72.94	3541.0	92.30668600576642	1.0
txid1765746	1.8973665961010275	0.7483314773547882	0.7247942896471751	4.460619068312843	rod-shaped	Cribrihabitans pelagius	Cribrihabitans	Rhodobacteraceae	Rhodobacterales	Alphaproteobacteria	Proteobacteria	Bacteria	genus	G900109035	4175922.0	65.97	4014.0	90.96513296943763	1.0
txid390640	3.464101615137755	0.6324555320336759	1.02204903010189	6.882884651454574	rod-shaped	Salinimicrobium catena	Salinimicrobium	Flavobacteriaceae	Flavobacteriales	Flavobacteriia	Bacteroidetes	Bacteria	species	G900102915	3261465.0	43.77	2985.0	90.72422975564663	0.0
txid1462998	1.4491376746189442	0.5477225575051661	0.2984269913751391	2.4935618646198243	rod-shaped	Phycicoccus ginsengisoli	Phycicoccus	Intrasporangiaceae	Micrococcales	Actinomycetia	Actinobacteria	Bacteria	genus	N6384	4202654.720876621	71.32420995436667	3918.054209954367	91.52133171220372	1.0542099543666668
txid471189	1.0	0.55	0.19402607128264465	1.7278759594743864	ovoid-shaped	Gordonibacter pamelaeae	Gordonibacter	Eggerthellaceae	Eggerthellales	Coriobacteriia	Actinobacteria	Bacteria	species	G000210055	3608022.0	65.48	3228.0	86.57000982809971	1.0
txid1329262	2.8284271247461903	0.28284271247461906	0.17179147360879024	2.513274122871835	rod-shaped	Mobilisporobacter senegalensis	Mobilisporobacter	Lachnospiraceae	Eubacteriales	Clostridia	Firmicutes	Bacteria	family	N1838	3603933.2975946316	42.98168193287302	3292.746007329699	89.49293405017654	1.7539438376349208
txid1052260	1.4	1.4	1.4367550402417315	6.157521601035995	rod-shaped	Klenkia soli	Klenkia	Geodermatophilaceae	Geodermatophilales	Actinomycetia	Actinobacteria	Bacteria	family	N3651	4871168.402788595	73.61578859499001	4666.70278859499	90.87661497472214	1.70278859499
txid33052	1.0	0.8	0.3686135380212024	2.5132741228718345	rod-shaped	Sphingopyxis terrae	Sphingopyxis	Sphingomonadaceae	Sphingomonadales	Alphaproteobacteria	Proteobacteria	Bacteria	species	G001610975	3983415.0	64.56	3795.0	90.8021885743765	1.0
txid407998	1.3	0.37	0.12651638674965354	1.5111060663766906	rod-shaped	Venenivibrio stagnispumantis	Venenivibrio	Hydrogenothermaceae	Aquificales	Aquificae	Aquificae	Bacteria	family	N1883	1768864.3440143983	34.0240143983	1868.9440143983	93.1701975375663	2.5440143983000003
txid298708	1.1	0.7	0.33353242005611633	2.419026343264141	rod-shaped	Sphingomonas kaistensis	Sphingomonas	Sphingomonadaceae	Sphingomonadales	Alphaproteobacteria	Proteobacteria	Bacteria	genus	N6608	3984625.164250625	66.48466729091668	3721.4142506242497	90.6617894485001	1.4142506242500001
txid483547	3.0000000000000004	0.55	0.669191960138101	5.18362787842316	rod-shaped	Geoalkalibacter subterraneus	Geoalkalibacter	Geobacteraceae	Desulfuromonadales	Deltaproteobacteria	Proteobacteria	Bacteria	species	G000827125	3717645.0	56.68	3578.0	89.32219187146701	3.0
txid400774	0.916515138991168	0.3872983346207417	0.09276522599854203	1.1151547670782112	rod-shaped	Nocardioides panacihumi	Nocardioides	Nocardioidaceae	Propionibacteriales	Actinomycetia	Actinobacteria	Bacteria	genus	N5082	4740249.267543353	71.38122756337894	4520.109648616009	92.4937526252541	1.4780696686421053
txid311244	1.75	0.55	0.3722132796034408	3.0237829290801765	rod-shaped	Paenibacillus assamensis	Paenibacillus	Paenibacillaceae	Bacillales	Bacilli	Firmicutes	Bacteria	species	G000422445	5027965.0	43.28	4422.0	85.48675259274877	0.0
txid557332	1.6	0.5	0.2814343418840856	2.5132741228718345	rod-shaped	Pontibacter xinjiangensis	Pontibacter	Hymenobacteraceae	Cytophagales	Cytophagia	Bacteroidetes	Bacteria	genus	N8138	4807672.8022459	50.846531614871424	4306.802245900586	86.95140957040124	1.9451030434428567
txid314255	1.1	0.6	0.2544690049407733	2.073451151369264	rod-shaped	Pseudooceanicola batsensis	Pseudooceanicola	Rhodobacteraceae	Rhodobacterales	Alphaproteobacteria	Proteobacteria	Bacteria	species	G000152725	4440389.0	66.1	4152.0	89.9794815274067	1.0
txid487515	2.0	0.85	0.97412279707716	5.3407075111026465	rod-shaped	Rhodovulum lacipunicei	Rhodovulum	Rhodobacteraceae	Rhodobacterales	Alphaproteobacteria	Proteobacteria	Bacteria	family	N6192	3951739.0104241855	63.4380557640158	3884.4841083955944	90.25222338582425	1.8262136587526314
txid1224302	1.8	0.3499999999999999	0.16195564627724882	1.97920337176157	rod-shaped	Undibacterium terreum	Undibacterium	Oxalobacteraceae	Burkholderiales	Betaproteobacteria	Proteobacteria	Bacteria	family	N4968	5197439.554945951	59.959633452021876	4620.961195952022	89.12953955312626	2.523695952021875
txid1958940	0.3872983346207417	0.28284271247461906	0.01841082813829719	0.34414423257272864	rod-shaped	Pontixanthobacter aquaemixtae	Pontixanthobacter	Erythrobacteraceae	Sphingomonadales	Alphaproteobacteria	Proteobacteria	Bacteria	family	N8217	3244008.910288732	63.543088731968	3107.990288731968	91.80768615457926	1.2302887319679998
txid1144873	2.1213203435596424	0.5916079783099616	0.5289194733447613	3.94266748936754	rod-shaped	Paludibacterium purpuratum	Paludibacterium	Chromobacteriaceae	Neisseriales	Betaproteobacteria	Proteobacteria	Bacteria	genus	G000422925	4332940.0	62.23	4035.0	89.26491019954119	0.0
txid931629	1.4142135623730951	0.4898979485566356	0.2357917803656173	2.176559237081061	rod-shaped	Mucilaginibacter lutimaris	Mucilaginibacter	Sphingobacteriaceae	Sphingobacteriales	Sphingobacteriia	Bacteroidetes	Bacteria	genus	N7365	6462766.585937583	43.46362988926155	5679.662860658492	88.4950381776389	1.8936298892615386
txid1981099	1.624807680927192	0.848528137423857	0.7588633115277833	4.331298194028052	rod-shaped	Niveispirillum lacus	Niveispirillum	Azospirillaceae	Rhodospirillales	Alphaproteobacteria	Proteobacteria	Bacteria	genus	G000429645	5455784.0	62.97	4708.0	90.11243846897163	0.0
txid191863	1.4	0.9	0.6997897635871264	3.9584067435231383	oval-shaped	Chthoniobacter flavus	Chthoniobacter	Chthoniobacteraceae	Chthoniobacterales	Spartobacteria	Verrucomicrobia	Bacteria	species	G000173075	7848700.0	61.06	6700.0	88.50980417139144	1.0
txid203799	1.8439088914585773	0.8944271909999159	0.9712337326312804	5.181247337366076	rod-shaped	Nocardioides aquiterrae	Nocardioides	Nocardioidaceae	Propionibacteriales	Actinomycetia	Actinobacteria	Bacteria	genus	N5082	4740249.267543353	71.38122756337894	4520.109648616009	92.4937526252541	1.4780696686421053
txid2006564	5.5677643628300215	0.2	0.1728220810894653	3.49832952383717	rod-shaped	Carboxylicivirga sediminis	Carboxylicivirga	Marinilabiliaceae	Marinilabiliales	Bacteroidia	Bacteroidetes	Bacteria	family	N6984	5029519.602131313	39.871131313	4115.402131313	86.68176112156756	1.502131313
txid1761975	1.224744871391589	0.5477225575051661	0.24555568271482825	2.107444419312217	rod-shaped	Pedobacter vanadiisoli	Pedobacter	Sphingobacteriaceae	Sphingobacteriales	Sphingobacteriia	Bacteroidetes	Bacteria	family	N5267	5541584.220365675	40.73492449998823	4842.999777441166	89.53260096580868	1.8821303823411764
txid393087	1.4832396974191326	0.4472135954999579	0.20957069774276565	2.0838968152188624	rod-shaped	Gracilibacillus lacisalsi	Gracilibacillus	Bacillaceae	Bacillales	Bacilli	Firmicutes	Bacteria	species	G000377765	4409254.0	36.81	4278.0	85.642922816422	0.0
txid69284	1.2	0.6	0.2827433388230814	2.261946710584651	rod-shaped	Pseudoxanthomonas japonensis	Pseudoxanthomonas	Xanthomonadaceae	Xanthomonadales	Gammaproteobacteria	Proteobacteria	Bacteria	genus	N7470	3552491.049293255	70.39262658843334	3121.382626588433	88.8242256449875	1.3826265884333335
txid1267769	1.4	0.75	0.5080544369477243	3.2986722862692828	rod-shaped	Allosediminivita pacifica	Allosediminivita	Rhodobacteraceae	Rhodobacterales	Alphaproteobacteria	Proteobacteria	Bacteria	family	N6192	3951739.0104241855	63.4380557640158	3884.4841083955944	90.25222338582425	1.8262136587526314
txid50715	0.9797958971132712	0.8366600265340756	0.3853449707481341	2.5753396198427985	coccus-shaped	Acidisphaera rubrifaciens	Acidisphaera	Acetobacteraceae	Rhodospirillales	Alphaproteobacteria	Proteobacteria	Bacteria	species	G000964365	3862273.0	70.29	4517.0	91.7969289068898	1.0
txid1704088	1.224744871391589	0.31622776601683805	0.08791241370730969	1.2167336027920834	rod-shaped	Methyloterrigena soli	Methyloterrigena	Devosiaceae	Hyphomicrobiales	Alphaproteobacteria	Proteobacteria	Bacteria	family	N7446	4256913.272736006	62.14273600693572	4165.487021721222	89.96630306230485	1.5584502926500003
txid634126	2.25	0.6	0.5796238445873167	4.241150082346222	rod-shaped	Paenibacillus xylanisolvens	Paenibacillus	Paenibacillaceae	Bacillales	Bacilli	Firmicutes	Bacteria	family	N3029	5941819.179724173	48.70026680910542	5535.063445103679	86.46240196703965	2.82313502615969
txid1056510	2.5	0.4	0.2974041045398338	3.1415926535897927	rod-shaped	Silanimonas mangrovi	Silanimonas	Xanthomonadaceae	Xanthomonadales	Gammaproteobacteria	Proteobacteria	Bacteria	genus	G000429065	2647044.0	71.09	2392.0	93.6384510419925	3.0
txid1811225	2.197726097583592	0.4472135954999579	0.3218019590350897	3.087723733019572	rod-shaped	Massilia solisilvae	Massilia	Oxalobacteraceae	Burkholderiales	Betaproteobacteria	Proteobacteria	Bacteria	genus	N6216	6223340.787947623	65.69509048081429	5428.073661909386	89.83541855335453	4.216519052242857
txid1771310	1.4832396974191326	0.4898979485566356	0.2488029002915969	2.2827945864170918	rod-shaped	Sphingoaurantiacus capsulatus	Sphingoaurantiacus	Sphingosinicellaceae	Sphingomonadales	Alphaproteobacteria	Proteobacteria	Bacteria	family	N4943	3065108.770909187	66.25757585343334	2949.1042425201	92.14282182651927	1.1042425201
txid742169	4.999999999999999	0.5	0.9490227807719166	7.853981633974483	rod-shaped	Fictibacillus nanhaiensis	Fictibacillus	Bacillaceae	Bacillales	Bacilli	Firmicutes	Bacteria	genus	N3746	4226389.097468946	41.82080227953333	4372.764135612867	86.1028946290752	0.7641356128666666
txid619731	2.23606797749979	0.8944271909999159	1.2176345533803927	6.2831853071795845	rod-shaped	Halostagnicola kamekurae	Halostagnicola	Natrialbaceae	Natrialbales	Halobacteria	Euryarchaeota	Archaea	genus	N1418	3654833.06902362	60.90902362005	3746.56902362005	82.92185825623403	1.5690236200499998
txid264023	3.464101615137755	0.3872983346207417	0.39289568691779797	4.214888838624436	rod-shaped	Mariniflexile fucanivorans	Mariniflexile	Flavobacteriaceae	Flavobacteriales	Flavobacteriia	Bacteroidetes	Bacteria	family	N6134	3770530.874256977	36.619605813627906	3352.534722092698	90.14699780065276	2.0928616275813954
txid2083203	2.019900987672416	0.34641016151377546	0.17948838693010755	2.1982170763537776	rod-shaped	Euzebyella algicola	Euzebyella	Flavobacteriaceae	Flavobacteriales	Flavobacteriia	Bacteroidetes	Bacteria	family	N6134	3770530.874256977	36.619605813627906	3352.534722092698	90.14699780065276	2.0928616275813954
txid1752398	1.10837719211467	0.40951190458886544	0.1280066585467337	1.4259489718885487	rod-shaped	Ensifer alkalisoli	Ensifer	Rhizobiaceae	Hyphomicrobiales	Alphaproteobacteria	Proteobacteria	Bacteria	genus	N10347	6894508.024042755	62.184042754749996	6469.524042754751	86.97039431807997	3.02404275475
txid1473	4.0	0.5916079783099616	1.0453485164679035	7.4343651138547395	rod-shaped	Virgibacillus pantothenticus	Virgibacillus	Bacillaceae	Bacillales	Bacilli	Firmicutes	Bacteria	species	G001189575	4759248.0	37.22	4395.0	76.57373601879961	1.0
txid1665626	1.8	1.0	1.1519173063162575	5.6548667764616285	sphere-shaped	Deinococcus budaensis	Deinococcus	Deinococcaceae	Deinococcales	Deinococci	Deinococcus-Thermus	Bacteria	genus	N739	3780895.1037726877	66.92901078314763	3755.0085345926714	88.16177544204831	2.4847250688619047
txid512383	2.083266665599966	0.916515138991168	1.1728505970155512	5.998385599860296	coccus-shaped	Acidisoma sibiricum	Acidisoma	Acetobacteraceae	Rhodospirillales	Alphaproteobacteria	Proteobacteria	Bacteria	family	N4940	3574896.862133706	60.0937616128907	3406.327249984984	89.75858273242244	2.420273240797674
txid287	7.4154433448041415	0.6587867636800242	2.45279683576658	15.347295621083546	rod-shaped	Pseudomonas aeruginosa	Pseudomonas	Pseudomonadaceae	Pseudomonadales	Gammaproteobacteria	Proteobacteria	Bacteria	genus	N6276	5154426.661885116	61.69983966154773	4716.320976025184	89.15439255632474	3.502794207002273
txid189723	3.25	0.7	1.1609493851953279	7.147123286916777		Prevotella micans	Prevotella	Prevotellaceae	Bacteroidales	Bacteroidia	Bacteroidetes	Bacteria	species	G000614105	2426740.0	45.49	2329.0	86.3160453942326	1.0
txid1193620	2.116601048851672	0.34641016151377546	0.18860215298418065	2.303453782046785	rod-shaped	Niveibacterium umoris	Niveibacterium	Rhodocyclaceae	Rhodocyclales	Betaproteobacteria	Proteobacteria	Bacteria	family	N4962	5490664.396250765	65.31291743056666	5041.729584097234	90.43825982886266	3.3962507639
txid1834038	1.7888543819998317	0.6928203230275509	0.5873198446966672	3.8935475289346666	rod-shaped	Undibacterium amnicola	Undibacterium	Oxalobacteraceae	Burkholderiales	Betaproteobacteria	Proteobacteria	Bacteria	family	N4968	5197439.554945951	59.959633452021876	4620.961195952022	89.12953955312626	2.523695952021875
txid1730378	1.0488088481701516	0.5916079783099616	0.2340974777992165	1.9493069779845869	rod-shaped	Jatrophihabitans huperziae	Jatrophihabitans	Jatrophihabitantaceae	Jatrophihabitantales	Actinomycetia	Actinobacteria	Bacteria	genus	G900129455	4480046.0	72.94	4211.0	93.04016074834944	1.0
txid475957	1.5	0.4	0.17174039839624208	1.8849555921538759	rod-shaped	Leifsonia kafniensis	Leifsonia	Microbacteriaceae	Micrococcales	Actinomycetia	Actinobacteria	Bacteria	genus	N9262	3772539.2609160882	68.77924942195	3774.927582755283	91.63249138208943	1.0942494219499999
txid1130080	6.700000000000001	0.7	2.488664980418714	14.734069545336132	rod-shaped	Alkalibacterium gilvum	Alkalibacterium	Carnobacteriaceae	Lactobacillales	Bacilli	Firmicutes	Bacteria	genus	G000585255	2328046.0	44.74	2143.0	85.74199135240454	1.0
txid560557	4.959838707054898	0.4472135954999579	0.7556735931502291	6.968389602581048	rod-shaped	Aeromicrobium halocynthiae	Aeromicrobium	Nocardioidaceae	Propionibacteriales	Actinomycetia	Actinobacteria	Bacteria	genus	N4713	3453877.4190606386	71.12048920974286	3426.1333463526003	93.08095668863783	1.1333463526
txid1834464	6.0	0.4472135954999579	0.9190617469734688	8.429777677248872	rod-shaped	Gracilimonas halophila	Gracilimonas	Balneolaceae	Balneolales	Balneolia	Balneolaeota	Bacteria	genus	G000375425	3831242.0	42.95	3378.0	90.741957829863	2.0
txid1977912	1.0954451150103324	0.6324555320336759	0.27791364413408803	2.1765592370810616	rod-shaped	Henriciella pelagia	Henriciella	Hyphomonadaceae	Hyphomonadales	Alphaproteobacteria	Proteobacteria	Bacteria	genus	G000376805	3277765.0	59.93	3196.0	91.85023941618755	1.0
txid549386	1.7	0.7	0.564439480094966	3.738495257771853	rod-shaped	Microvirga guangxiensis	Microvirga	Methylobacteriaceae	Hyphomicrobiales	Alphaproteobacteria	Proteobacteria	Bacteria	genus	N9719	6689224.598003408	63.02300340825	6608.0980034082495	85.90243238261242	1.0980034082499999
txid157733	2.75	0.6	0.7209955139988575	5.18362787842316	rod-shaped	Alkalihalobacillus macyae	Alkalihalobacillus	Bacillaceae	Bacillales	Bacilli	Firmicutes	Bacteria	species	G001039475	4256776.0	39.85	4239.0	85.93891245393229	1.0
txid1121000	1.5	0.5	0.2617993877991494	2.3561944901923453	rod-shaped	Andreprevotia lacus	Andreprevotia	Chromobacteriaceae	Neisseriales	Betaproteobacteria	Proteobacteria	Bacteria	genus	G000711875	5149006.0	59.89	4484.0	88.04951868380033	1.0
txid463192	1.75	0.5	0.3108867730114899	2.7488935718910685	rod-shaped	Desulfovibrio tunisiensis	Desulfovibrio	Desulfovibrionaceae	Desulfovibrionales	Deltaproteobacteria	Proteobacteria	Bacteria	family	N3840	3717000.786054807	55.687610362433325	3299.5638325846553	87.44020684526735	2.363832584655556
txid1324350	1.224744871391589	0.8	0.4815826319245302	3.078119592388473	rod-shaped	Acinetobacter equi	Acinetobacter	Moraxellaceae	Moraxellales	Gammaproteobacteria	Proteobacteria	Bacteria	species	G001307195	3054269.0	34.89	2827.0	85.59943475836606	7.0
txid1549637	1.1489125293076057	0.6928203230275509	0.34606744991956256	2.5006761782626343	rod-shaped	Caenimicrobium hargitense	Caenimicrobium	Alcaligenaceae	Burkholderiales	Betaproteobacteria	Proteobacteria	Bacteria	family	N4238	3496561.6667174264	53.45877624980293	3256.6667174262734	90.4980818731093	2.490246838038235
txid1636719	1.997498435543818	0.648074069840786	0.5876498073316793	4.066876326536811	rod-shaped	Psychrobacillus lasiicapitis	Psychrobacillus	Bacillaceae	Bacillales	Bacilli	Firmicutes	Bacteria	genus	G900115805	3607666.0	36.36	3574.0	85.63556049811706	1.0
txid864064	3.5	0.6	0.9330530181161686	6.5973445725385655	rod-shaped	Muricauda beolgyonensis	Muricauda	Flavobacteriaceae	Flavobacteriales	Flavobacteriia	Bacteroidetes	Bacteria	genus	N9512	4093434.0886417436	42.764891743350006	3733.3386417433503	92.00350887358877	2.21364174335
txid278991	4.999999999999999	0.9	2.9900108080540853	14.137166941154067	rod-shaped	Aneurinibacillus terranovensis	Aneurinibacillus	Paenibacillaceae	Bacillales	Bacilli	Firmicutes	Bacteria	species	G000430625	4247673.0	44.89	4236.0	85.36172629107747	0.0
txid1588641	0.8366600265340756	0.5477225575051661	0.15411534539678587	1.4396586137792406	rod-shaped	Subtercola lobariae	Subtercola	Microbacteriaceae	Micrococcales	Actinomycetia	Actinobacteria	Bacteria	family	N3662	3377613.896177892	67.87438013982921	3208.323144184773	92.02149621791075	1.4916835106157302
txid228958	2.5	0.45	0.3737513510067607	3.5342917352885173	rod-shaped	Maribacter aquivivus	Maribacter	Flavobacteriaceae	Flavobacteriales	Flavobacteriia	Bacteroidetes	Bacteria	genus	N9824	4486494.206003211	36.42975321209999	3880.4560032121003	90.66821370207904	2.3310032121
txid430522	2.73	0.83	1.3274024831555784	7.118534793769113	rod-shaped	Pedobacter steynii	Pedobacter	Sphingobacteriaceae	Sphingobacteriales	Sphingobacteriia	Bacteroidetes	Bacteria	species	N9059	7490381.685876846	41.50921017946666	6298.3525435128	91.78255747469073	1.6858768461333333
txid653929	2.044504830026088	0.5477225575051661	0.4387070724963192	3.5180227286028227	rod-shaped	Albibacterium bauzanense	Albibacterium	Sphingobacteriaceae	Sphingobacteriales	Sphingobacteriia	Bacteroidetes	Bacteria	family	N5267	5541584.220365675	40.73492449998823	4842.999777441166	89.53260096580868	1.8821303823411764
txid338193	2.8284271247461903	0.7483314773547882	1.134296098004645	6.6494983056528625	rod-shaped	Clostridium aestuarii	Clostridium	Clostridiaceae	Eubacteriales	Clostridia	Firmicutes	Bacteria	genus	N2680	4098456.0667612483	30.026933661734482	3862.101244006562	84.72726556132037	5.635726765182758
txid339866	1.73	0.43	0.23041592438733854	2.337030775005447	rod-shaped	Thiomonas bhubaneswarensis	Thiomonas		Burkholderiales	Betaproteobacteria	Proteobacteria	Bacteria	species	G001418255	3203428.0	65.09	3063.0	92.07055691590384	1.0
txid1848199	1.7320508075688772	1.7320508075688772	2.7206990463513265	9.424777960769378	coccus-shaped	Deinococcus persicinus	Deinococcus	Deinococcaceae	Deinococcales	Deinococci	Deinococcus-Thermus	Bacteria	genus	N739	3780895.1037726877	66.92901078314763	3755.0085345926714	88.16177544204831	2.4847250688619047
txid762261	1.4422205101855958	1.1489125293076057	1.0981512209004405	5.205572575964237	rod-shaped	Altericroceibacterium xinjiangense	Altericroceibacterium	Erythrobacteraceae	Sphingomonadales	Alphaproteobacteria	Proteobacteria	Bacteria	family	N8217	3244008.910288732	63.543088731968	3107.990288731968	91.80768615457926	1.2302887319679998
txid1920655	0.7745966692414834	0.28284271247461906	0.04274550019413887	0.6882884651454573	rod-shaped	Aliifodinibius salicampi	Aliifodinibius	Balneolaceae	Balneolales	Balneolia	Balneolaeota	Bacteria	genus	G900129315	5082244.0	48.33	4297.0	86.50670845398214	1.0
txid223958	1.2	0.65	0.3263002119681649	2.4504422698000385	rod-shaped	Exiguobacterium oxidotolerans	Exiguobacterium		Bacillales	Bacilli	Firmicutes	Bacteria	genus	N2130	3102883.8972571795	49.23614606885556	3205.3417016244107	89.93343434560444	2.452812735522222
txid2048549	2.449489742783178	0.8944271909999159	1.351731403366484	6.882884651454573		Paenibacillus nebraskensis	Paenibacillus	Paenibacillaceae	Bacillales	Bacilli	Firmicutes	Bacteria	family	N3029	5941819.179724173	48.70026680910542	5535.063445103679	86.46240196703965	2.82313502615969
txid217169	4.330127018922194	0.14142135623730953	0.06727699566909012	1.9238247452427968	coccus-shaped	Marinospirillum insulare	Marinospirillum	Oceanospirillaceae	Oceanospirillales	Gammaproteobacteria	Proteobacteria	Bacteria	species	G000686905	2920434.0	43.07	2839.0	92.02960929779613	0.0
txid231025	3.15	0.6	0.8340928495280899	5.937610115284709	rod-shaped	Syntrophomonas curvata	Syntrophomonas	Syntrophomonadaceae	Eubacteriales	Clostridia	Firmicutes	Bacteria	genus	N2085	2730342.0394186503	46.76108531674999	2643.372751983417	86.52624295827167	1.3727519834166666
txid913252	1.0	0.85	0.4066726240225037	2.670353755551324	rod-shaped	Paracoccus limosus	Paracoccus	Rhodobacteraceae	Rhodobacterales	Alphaproteobacteria	Proteobacteria	Bacteria	genus	N7431	4234546.12302058	66.972187245725	4120.456353912392	90.25239863188386	1.789687245725
txid2004704	3.4481879299133333	0.5916079783099616	0.8936612512325892	6.408772013040669	pleomorphic-shaped	Halorubrum trueperi	Halorubrum	Halorubraceae	Haloferacales	Halobacteria	Euryarchaeota	Archaea	genus	N1662	3438708.235247126	66.61191379283335	3405.4574693483887	85.988376390258	1.2352471261666667
txid887465	1.5968719422671311	0.9486832980505138	0.9052340255933564	4.7592795778878205		Streptomyces cocklensis	Streptomyces	Streptomycetaceae	Streptomycetales	Actinomycetia	Actinobacteria	Bacteria	genus	N5091	8414317.722004125	72.01335547408108	7443.2355176362435	87.7054728350173	2.8030852038108103
txid346188	2.083266665599966	0.4898979485566356	0.3619053192031567	3.2062719697765307	rod-shaped	Croceitalea dokdonensis	Croceitalea	Flavobacteriaceae	Flavobacteriales	Flavobacteriia	Bacteroidetes	Bacteria	species	G001306415	3883802.0	41.88	3442.0	90.7302946957646	2.0
txid505353	2.15	0.65	0.6415393998018157	4.390375733391736	rod-shaped	Roseovarius halotolerans	Roseovarius	Roseobacteraceae	Rhodobacterales	Alphaproteobacteria	Proteobacteria	Bacteria	genus	N10220	4502797.594392733	63.11605939946667	4397.761059399467	90.14234130603741	1.5943927328
txid333702	1.0	0.5	0.16362461737446832	1.5707963267948966	rod-shaped	Chryseobacterium piscium	Chryseobacterium	Weeksellaceae	Flavobacteriales	Flavobacteriia	Bacteroidetes	Bacteria	genus	N9312	4533598.958841497	36.19364149707601	4165.838841497076	88.26024154539411	1.2788414970759998
txid1110688	1.0	0.3499999999999999	0.08498662626429886	1.0995574287564276	rod-shaped	Winogradskyella pulchriflava	Winogradskyella	Flavobacteriaceae	Flavobacteriales	Flavobacteriia	Bacteroidetes	Bacteria	genus	N9682	3991405.7332092356	32.7532092358	3677.066542569133	90.9239292078364	1.7332092357999997
txid1017095	1.5	0.6	0.3675663404700058	2.827433388230814	rod-shaped	Mucilaginibacter soli	Mucilaginibacter	Sphingobacteriaceae	Sphingobacteriales	Sphingobacteriia	Bacteroidetes	Bacteria	genus	N7365	6462766.585937583	43.46362988926155	5679.662860658492	88.4950381776389	1.8936298892615386
txid397258	1.35	0.55	0.27718010183234953	2.332632545290422	rod-shaped	Nocardioides hwasunensis	Nocardioides	Nocardioidaceae	Propionibacteriales	Actinomycetia	Actinobacteria	Bacteria	genus	N5082	4740249.267543353	71.38122756337894	4520.109648616009	92.4937526252541	1.4780696686421053
txid115979	4.4721359549995805	1.0	3.2506079777212142	14.049629462081453	rod-shaped	Niallia nealsonii	Niallia	Bacillaceae	Bacillales	Bacilli	Firmicutes	Bacteria	genus	G001591585	5097246.0	35.57	4984.0	83.69490112896257	1.0
txid1422	2.6457513110645907	0.7745966692414834	1.1251075720307042	6.438349049606996	rod-shaped	Geobacillus stearothermophilus	Geobacillus	Bacillaceae	Bacillales	Bacilli	Firmicutes	Bacteria	genus	N6892	3583416.17783525	51.04354953605714	3559.0349781074865	84.14996241111143	5.89212096462857
txid744512	2.23606797749979	0.19364916731037088	0.06395649184914419	1.3603495231756637	spiral-shaped	Treponema rectale	Treponema	Treponemataceae	Spirochaetales	Spirochaetia	Spirochaetes	Bacteria	genus	N952	2788633.022742514	48.027117514112504	2584.428992514113	90.20131513827218	1.7414925141125
txid1603353	1.2489995996796797	0.7483314773547882	0.439627590656941	2.9363389458289144	rod-shaped	Massilia psychrophila	Massilia	Oxalobacteraceae	Burkholderiales	Betaproteobacteria	Proteobacteria	Bacteria	genus	N6216	6223340.787947623	65.69509048081429	5428.073661909386	89.83541855335453	4.216519052242857
txid228956	6.0	0.6	1.6399113651738724	11.309733552923255	rod-shaped	Maribacter sedimenticola	Maribacter	Flavobacteriaceae	Flavobacteriales	Flavobacteriia	Bacteroidetes	Bacteria	genus	N9824	4486494.206003211	36.42975321209999	3880.4560032121003	90.66821370207904	2.3310032121
txid1857645	1.1401754250991378	0.6324555320336759	0.2919660854908665	2.265434679827796	rod-shaped	Actinomyces vulturis	Actinomyces	Actinomycetaceae	Actinomycetales	Actinomycetia	Actinobacteria	Bacteria	species	G001687305	2202666.0	53.87	1874.0	88.91983623481725	1.0
txid315423	2.25	0.875	1.1775859181668769	6.185010536754906	rod-shaped	Palleronia marisminoris	Palleronia	Roseobacteraceae	Rhodobacterales	Alphaproteobacteria	Proteobacteria	Bacteria	species	G900113405	3937250.0	66.2	3896.0	90.0277350942917	2.0
txid2086470	3.1622776601683795	1.0	2.221847678649876	9.9345882657961	rod-shaped	Marinicrinis lubricantis	Marinicrinis	Paenibacillaceae	Bacillales	Bacilli	Firmicutes	Bacteria	family	N3029	5941819.179724173	48.70026680910542	5535.063445103679	86.46240196703965	2.82313502615969
txid1604349	1.5811388300841898	0.7071067811865476	0.5283517054006238	3.5124073655203643	rod-shaped	Roseibium salinum	Roseibium	Stappiaceae	Hyphomicrobiales	Alphaproteobacteria	Proteobacteria	Bacteria	genus	N9982	6131608.685660711	56.05366071098	5781.685660710979	88.69657125094952	3.08566071098
txid471514	1.224744871391589	0.4898979485566356	0.2000777735052508	1.884955592153876	ovoid-shaped	Alicyclobacillus ferrooxydans	Alicyclobacillus	Alicyclobacillaceae	Bacillales	Bacilli	Firmicutes	Bacteria	species	G001399675	5044184.0	51.3	4898.0	84.48533994794795	1.0
