taxid	length	width	volume	surface	family	order	class	phylum	superkingdom	rank	node	genome	gc	proteins	coding	rrnas
txid31	4.242640687119285	0.648074069840786	1.3282486597321002	8.637951682675443	Myxococcaceae	Myxococcales	Deltaproteobacteria	Proteobacteria	Bacteria	family	N3818	9643640.325121272	69.727621272825	7716.325121272825	90.99182046863201	3.3251212728249997
txid39	7.869506442680768	0.8467731452101834	4.263051656240985	20.934589250781272	Archangiaceae	Myxococcales	Deltaproteobacteria	Proteobacteria	Bacteria	family	N3817	10723469.567865763	67.78286576164999	8596.56786576165	91.33946833165461	1.5678657616499998
txid49	4.4503667015362	1.0738057663070295	3.7007919033894976	15.013135418392539	Polyangiaceae	Myxococcales	Deltaproteobacteria	Proteobacteria	Bacteria	family	N2790	10291529.859877631	65.94987762967142	8913.717020486816	87.34544503381498	2.8598776296714292
txid126	1.7	1.05	1.168966991446677	5.607742886657783	Planctomycetaceae	Planctomycetales	Planctomycetia	Planctomycetes	Bacteria	family	N2737	6990685.245785001	55.200070714628566	5497.531499286058	86.18862220756469	1.8172135717714288
txid137	23.93132741910522	0.20654338533374206	0.7987180355706502	15.52844443486186	Spirochaetaceae	Spirochaetales	Spirochaetia	Spirochaetes	Bacteria	family	N769	3615366.762981905	54.959981904619994	3238.46298190462	93.14110660423621	2.46298190462
txid170	11.011963829446492	0.15874010519681994	0.21683620814582605	5.491630554322784	Leptospiraceae	Leptospirales	Spirochaetia	Spirochaetes	Bacteria	family	N328	4356071.30771003	41.012154473807406	4016.8632655849187	84.55424599083872	1.6040063256592594
txid403	2.124076826380524	1.2659670602152426	2.1192686297791163	8.447778131564696	Methylococcaceae	Methylococcales	Gammaproteobacteria	Proteobacteria	Bacteria	family	N6242	4769331.75223604	51.34090270709333	4520.818902707093	86.7366117139057	2.552236040426666
txid433	1.5386867856556643	0.7564391033842136	0.5586646174821274	3.6565714828551217	Acetobacteraceae	Rhodospirillales	Alphaproteobacteria	Proteobacteria	Bacteria	family	N4940	3574896.862133706	60.0937616128907	3406.327249984984	89.75858273242244	2.420273240797674
txid444	1.4182181902032591	0.6245847735921135	0.3671700895305783	2.7828148784573536	Legionellaceae	Legionellales	Gammaproteobacteria	Proteobacteria	Bacteria	family	N4625	3433321.9517980614	39.60093386346667	3116.124637567171	88.86612891657414	1.6678474437135804
txid468	1.3527882119521102	0.8124284745468521	0.5485370486899579	3.4527474989785056	Moraxellaceae	Moraxellales	Gammaproteobacteria	Proteobacteria	Bacteria	family	N4626	2676758.502088597	41.781070077928696	2485.474310818669	86.48214339545194	2.9002367445953703
txid481	1.0969997225552597	0.7042591701826554	0.3238125799796481	2.4271068786449517	Neisseriaceae	Neisseriales	Betaproteobacteria	Proteobacteria	Bacteria	family	N3861	2387453.7020454896	50.77935318237308	2277.125122413142	85.52292100388905	2.2789685669884614
txid506	1.4038963818478836	0.6639068186552074	0.4001466921239401	2.9281414780061827	Alcaligenaceae	Burkholderiales	Betaproteobacteria	Proteobacteria	Bacteria	family	N4238	3496561.6667174264	53.45877624980293	3256.6667174262734	90.4980818731093	2.490246838038235
txid641	1.9283498306458993	0.7627899613292178	0.7569011534186033	4.621049978630835	Vibrionaceae	Vibrionales	Gammaproteobacteria	Proteobacteria	Bacteria	family	N6722	4587714.919731635	45.57109527124395	4367.631852847002	86.88436388283255	4.010640725789394
txid772	1.2728803992068294	0.5121069099588175	0.22667973138521635	2.0478498352658128	Bartonellaceae	Hyphomicrobiales	Alphaproteobacteria	Proteobacteria	Bacteria	family	N9990	1844421.3365598626	39.27016642029508	1591.0578713383277	80.1014631271044	2.057871338327869
txid775	1.1762057847982872	0.3783705080280257	0.11710844765453393	1.3981393593369753	Rickettsiaceae	Rickettsiales	Alphaproteobacteria	Proteobacteria	Bacteria	family	N3495	1452976.0139292167	31.459791285500003	1580.3242740441208	79.5925946505771	1.2897912855
txid815	2.178309840505169	0.7722801735673251	0.8856331109577934	5.284992941555737	Bacteroidaceae	Bacteroidales	Bacteroidia	Bacteroidetes	Bacteria	family	N7799	4502392.448651679	43.209762789651116	3735.693096122985	90.0939388322945	1.9375405674288888
txid972	6.499999999999999	0.65	2.085003049355901	13.273228961416875	Halanaerobiaceae	Halanaerobiales	Clostridia	Firmicutes	Bacteria	family	N585	2505582.891711362	35.73671136184	2377.99171136184	89.6872357604187	2.0917113618400003
txid1106	5.2915026221291805	0.6	1.4395884510072787	9.9742474584793	Chloroflexaceae	Chloroflexales	Chloroflexia	Chloroflexi	Bacteria	family	N2056	4874458.285253792	56.32858712563333	4050.451920458967	86.6359265850103	2.4519204589666663
txid1268	1.2024799047355998	0.7100893943772397	0.3671196036093464	2.682506150033566	Micrococcaceae	Micrococcales	Actinomycetia	Actinobacteria	Bacteria	family	N4012	3622907.233909413	65.06724274725556	3403.252427932442	89.44845539252863	2.548724228737037
txid1300	0.7811711743212381	0.730735963381611	0.22323974155262424	1.7933149280320486	Streptococcaceae	Lactobacillales	Bacilli	Firmicutes	Bacteria	family	N4488	2049420.550830424	39.43636888539232	2019.2123688853924	87.42241494794006	2.658522731546154
txid1653	1.3505877502663708	0.7204192344301883	0.4493829934987513	3.05673632931366	Corynebacteriaceae	Corynebacteriales	Actinomycetia	Actinobacteria	Bacteria	family	N4707	2508812.463072893	57.73853443116845	2315.2323036619377	89.4900844082308	3.186149815783846
txid1762	1.1825219126563566	0.4905509110271864	0.1869195444842567	1.8223976908723691	Mycobacteriaceae	Corynebacteriales	Actinomycetia	Actinobacteria	Bacteria	family	N4708	5768454.737969412	66.94173990300985	5565.47567432924	91.57067081004583	1.508461214485246
txid2004	1.440405636023682	0.7756451401163524	0.5497603057267776	3.5099243846070207	Streptosporangiaceae	Streptosporangiales	Actinomycetia	Actinobacteria	Bacteria	family	N4360	8605351.695987757	71.38741632938573	7907.48170204367	88.2648031783169	1.6245591865285718
txid2012	1.374327325239069	0.7305506138422769	0.4587743643029618	3.1542082563339	Thermomonosporaceae	Streptosporangiales	Actinomycetia	Actinobacteria	Bacteria	family	N4359	7513963.544654316	72.89608288727143	6853.116082887272	89.13541374626968	0.9732257444142859
txid2049	1.5302900368222223	0.5715940869589309	0.33664153520054024	2.7479659738708104	Actinomycetaceae	Actinomycetales	Actinomycetia	Actinobacteria	Bacteria	family	N4377	2334778.4941272084	59.413031317873966	2014.932483372669	89.67721136285869	1.9050861123945206
txid2062	0.8801576558777033	0.6261839017961628	0.20511291366220655	1.7314591191648965	Streptomycetaceae	Streptomycetales	Actinomycetia	Actinobacteria	Bacteria	family	N4362	8486721.936332041	72.15346382393642	7523.099122738665	87.64700597744935	3.2231537464170548
txid2092	1.0	0.3499999999999999	0.08498662626429886	1.0995574287564276	Mycoplasmataceae	Mycoplasmatales	Mollicutes	Tenericutes	Bacteria	family	N3035	1200532.6940735755	28.514073575424998	2043.6940735754251	69.56374208012353	1.944073575425
txid2159	3.747017185944873	0.4195087760643951	0.4942714936274297	4.938290206482548	Methanobacteriaceae	Methanobacteriales	Methanobacteria	Euryarchaeota	Archaea	family	N253	2190050.6308377935	35.99053476317273	2153.206595369233	85.15498254660322	1.8429590055969696
txid2206	1.1771323825530848	1.1771323825530848	0.8540327868377181	4.353118474162124	Methanosarcinaceae	Methanosarcinales	Methanomicrobia	Euryarchaeota	Archaea	family	N834	3674689.986660931	41.76806938187887	3271.451449663568	78.74586527646748	2.15567501568169
txid2232	2.2	0.4	0.2597049926967563	2.7646015351590183	Archaeoglobaceae	Archaeoglobales	Archaeoglobi	Euryarchaeota	Archaea	family	N263	2034920.529036998	44.656536998194994	2318.1790369981954	91.68339062360383	0.8290369981949999
txid2259	1.15	1.15	0.7963282878380625	4.1547562843725006	Thermococcaceae	Thermococcales	Thermococci	Euryarchaeota	Archaea	family	N69	1963420.9348676824	47.39960452441579	2160.4611834717844	91.92996636530961	1.1980255770473685
txid2307	0.8	0.8	0.26808257310632905	2.010619298297468	Pyrodictiaceae	Desulfurococcales	Thermoprotei	Crenarchaeota	Archaea	family	N1648	1788998.5433349004	56.80583490045	1913.79333490045	87.93150719583794	1.2933349004499999
txid28056	1.0835873995636014	0.5961401575554758	0.2437030196008877	2.029374490517689	Micromonosporaceae	Micromonosporales	Actinomycetia	Actinobacteria	Bacteria	family	N3999	8348444.267775856	71.18825204479523	7573.267775854319	89.89720499105951	2.553490140033334
txid28256	1.8264736788681275	0.7112339104346129	0.6231622749383108	4.081085989824413	Halomonadaceae	Oceanospirillales	Gammaproteobacteria	Proteobacteria	Bacteria	family	N7128	3492217.8459873004	56.6639872997	3208.7888444425566	89.14611820640866	2.1602730139857136
txid31953	1.830160578281278	0.6512423520594303	0.5285783445272609	3.744395418991672	Bifidobacteriaceae	Bifidobacteriales	Actinomycetia	Actinobacteria	Bacteria	family	N4737	2180319.162911864	57.62243567371191	1770.5914832927597	87.0012029967046	2.210530911807143
txid31957	1.1382205792879334	0.6362772645483354	0.2826865501546008	2.275216410412664	Propionibacteriaceae	Propionibacteriales	Actinomycetia	Actinobacteria	Bacteria	family	N4004	3163011.267724778	66.29734016236154	2911.229263239285	90.16648430346996	1.9600324700538463
txid31977	0.7277645464270726	0.5709367862549524	0.1357748890196546	1.3053554706354729	Veillonellaceae	Veillonellales	Negativicutes	Firmicutes	Bacteria	family	N931	2030689.008782674	44.651982674196006	1903.488782674196	87.67446637744126	1.9287826741960001
txid31989	1.586758975527929	0.6759013459344299	0.4792693376420535	3.3693346445847165	Rhodobacteraceae	Rhodobacterales	Alphaproteobacteria	Proteobacteria	Bacteria	family	N6192	3951739.0104241855	63.4380557640158	3884.4841083955944	90.25222338582425	1.8262136587526314
txid32011	1.3908836687549284	0.3726457944336756	0.13624625042781172	1.6283093055072049	Methylophilaceae	Nitrosomonadales	Betaproteobacteria	Proteobacteria	Bacteria	family	N3863	2765048.3001152757	48.238448609100004	2650.800115275767	90.87400044669617	1.800115275766667
txid32033	1.7325081204143915	0.4760296883796844	0.27700425925004746	2.590950945833781	Xanthomonadaceae	Xanthomonadales	Gammaproteobacteria	Proteobacteria	Bacteria	family	N5794	3868757.320418604	67.38941860353398	3459.6004186035343	89.01735286769359	1.7804186035340002
txid33958	2.6259503875802688	0.7494736977049847	1.022579861076326	6.1829080163512735	Lactobacillaceae	Lactobacillales	Bacilli	Firmicutes	Bacteria	family	N3758	2135638.4686760497	42.058300326932375	2183.4455546621925	87.70429167782216	2.1854390552560696
txid41294	2.744485103070817	0.7860536338501567	1.1846880553734074	6.777397064792436	Bradyrhizobiaceae	Hyphomicrobiales	Alphaproteobacteria	Proteobacteria	Bacteria	family	N9142	6892804.947540915	63.23537875072162	6540.596189561533	86.01091647492044	1.5151084804513517
txid41295	3.038918018182131	0.6847573630240207	1.0130903037329684	6.5374076612093175	Rhodospirillaceae	Rhodospirillales	Alphaproteobacteria	Proteobacteria	Bacteria	family	N5318	4195770.1280958885	64.55892922199997	3825.961429222	89.37890609356508	1.9614292220000002
txid45401	2.371222635054651	0.921042512238826	1.3684954682134909	6.861228468434295	Hyphomicrobiaceae	Hyphomicrobiales	Alphaproteobacteria	Proteobacteria	Bacteria	family	N6199	3934604.5569301057	61.67581899454444	3742.5569301056553	87.80469075994358	1.3347078834333332
txid45404	2.038853074497332	0.734135169260655	0.7451721243203682	4.7023162393374855	Beijerinckiaceae	Hyphomicrobiales	Alphaproteobacteria	Proteobacteria	Bacteria	family	N8875	4225785.293917579	60.132250912500005	3826.9605842458336	85.07257168774188	1.7939175791666664
txid49546	2.2729967791370207	0.4535697371642367	0.33733561898199893	3.2388643785102613	Flavobacteriaceae	Flavobacteriales	Flavobacteriia	Bacteroidetes	Bacteria	family	N6134	3770530.874256977	36.619605813627906	3352.534722092698	90.14699780065276	2.0928616275813954
txid53434	9.219544457292887	0.648074069840786	2.8861183306216525	18.770851795240677	Halobacteroidaceae	Halanaerobiales	Clostridia	Firmicutes	Bacteria	family	N584	2823104.743028874	33.533028873557136	2699.457314587843	86.84970715770967	2.314457444985714
txid64898	2.5337809100134665	0.411372263514311	0.3185009449407923	3.2745674370910227	Aquificaceae	Aquificales	Aquificae	Aquificae	Bacteria	family	N1884	1567658.9752529499	43.05953866395714	1699.6895386639574	96.60671089087332	1.5466815211
txid68298	3.949311129933685	0.490909125335733	0.7135050010636712	6.09077178129175	Syntrophomonadaceae	Eubacteriales	Clostridia	Firmicutes	Bacteria	family	N1554	2619605.139675605	46.8009256052125	2554.2646756052127	87.13800812307456	1.5146756052124999
txid69657	1.6049261846250231	0.5698375301958938	0.353761965871726	2.873134680665831	Hyphomonadaceae	Hyphomonadales	Alphaproteobacteria	Proteobacteria	Bacteria	family	N6195	3634772.6149963397	57.86038095498462	3484.3842271088306	91.48255484768855	1.5380732626769231
txid72276	3.3480908371877938	0.5155756920464334	0.6482333287446834	5.4229991757802996	Ectothiorhodospiraceae	Chromatiales	Gammaproteobacteria	Proteobacteria	Bacteria	family	N4246	3345302.7073977403	61.474064406993946	3137.9801250130545	90.75996611669711	1.4952765282060605
txid72293	4.05118519672993	0.6653782476331052	1.3229639473891377	8.468384502141808	Helicobacteraceae	Campylobacterales	Epsilonproteobacteria	Proteobacteria	Bacteria	family	N1621	1875328.3604681753	39.55046817525312	1848.1104681752531	91.61932343204018	2.110468175253125
txid72294	1.847842922788126	0.3854572970484231	0.19936797155668184	2.2376450412121693	Campylobacteraceae	Campylobacterales	Epsilonproteobacteria	Proteobacteria	Bacteria	family	N1888	2015652.3272059462	35.73753927969666	2059.760539279697	93.04669384316466	2.3272059463633337
txid75682	1.871640122631284	0.6935606645720546	0.6124218182195107	4.0780887544986895	Oxalobacteraceae	Burkholderiales	Betaproteobacteria	Proteobacteria	Bacteria	family	N4968	5197439.554945951	59.959633452021876	4620.961195952022	89.12953955312626	2.523695952021875
txid75787	1.5183055215572376	0.3921179863229191	0.1668060093492577	1.870362591855656	Rhodocyclaceae	Rhodocyclales	Betaproteobacteria	Proteobacteria	Bacteria	family	N4962	5490664.396250765	65.31291743056666	5041.729584097234	90.43825982886266	3.3962507639
txid76892	1.905045038380448	0.5579978337517342	0.4152297062698879	3.3395475627860374	Caulobacteraceae	Caulobacterales	Alphaproteobacteria	Proteobacteria	Bacteria	family	N5754	3983580.9637137414	66.56110504524783	3766.2680615669865	90.42036371438185	1.6593659148130435
txid80864	1.6396170604226727	0.6121397138889739	0.4149108695498909	3.153137121462505	Comamonadaceae	Burkholderiales	Betaproteobacteria	Proteobacteria	Bacteria	family	N5358	4549236.766600142	64.76950923336	4259.384781960633	90.52551398287342	2.1302365060872726
txid81852	1.0592640828253197	1.0124956546943482	0.5789930022220549	3.369359003870755	Enterococcaceae	Lactobacillales	Bacilli	Firmicutes	Bacteria	family	N4487	3065694.512120658	38.59760452975807	2936.1895400136286	87.07653953805583	2.995991626532258
txid82115	1.8040434809452863	0.5643372073587295	0.3995438330822951	3.1984204832474	Rhizobiaceae	Hyphomicrobiales	Alphaproteobacteria	Proteobacteria	Bacteria	family	N9986	4653822.476858201	52.6028926837138	4418.632030614747	85.3812769545814	2.4596168216448273
txid83676	0.9333704237308168	0.4881560152060619	0.1430519648979456	1.431405075796327	Nocardiopsaceae	Streptosporangiales	Actinomycetia	Actinobacteria	Bacteria	family	N4006	5949701.34120382	71.13231492965002	5389.618981596316	85.66604597713452	1.7856482629833335
txid83763	3.1	0.95	1.9728874615309155	9.251990364821939	Succinivibrionaceae	Aeromonadales	Gammaproteobacteria	Proteobacteria	Bacteria	family	N5002	2911839.1922901953	40.14410837714546	2413.5559265589636	84.63297187531558	1.1922901953272727
txid83778	1.2434240239077134	0.9934256065179792	0.6929641857448227	3.8806500166203417	Kineosporiaceae	Kineosporiales	Actinomycetia	Actinobacteria	Bacteria	family	N3314	5724684.185330653	73.66533065276667	5246.851997319433	90.13696762327784	2.5186639861
txid84107	1.6507226655885423	0.5946035575013605	0.4031482705080664	3.0835535181598077	Coriobacteriaceae	Coriobacteriales	Coriobacteriia	Actinobacteria	Bacteria	family	N1546	2204261.062633485	61.28626984930909	1909.6989971220364	86.80865506699503	1.7899062129454548
txid84566	1.6784267288084809	0.5333380810231241	0.33002152681181945	2.8122560106844063	Sphingobacteriaceae	Sphingobacteriales	Sphingobacteriia	Bacteroidetes	Bacteria	family	N5267	5541584.220365675	40.73492449998823	4842.999777441166	89.53260096580868	1.8821303823411764
txid84642	1.9519615753448	0.7229024597501916	0.6980315342919401	4.433031726007607	Aeromonadaceae	Aeromonadales	Gammaproteobacteria	Proteobacteria	Bacteria	family	N6721	4252977.063285124	58.8087396684909	3963.154194213946	88.27418838385995	4.608739668490909
txid85002	2.1213203435596424	1.224744871391589	2.018165466403381	8.162097139053978	Sphaerobacteraceae	Sphaerobacterales	Thermomicrobia	Chloroflexi	Bacteria	family	N2351	3940934.154122974	65.48912297365	3873.1541229736504	85.12933332645216	1.6541229736499998
txid85015	1.4761485718693752	0.5268987967353888	0.2768826676746711	2.4434707813993213	Nocardioidaceae	Propionibacteriales	Actinomycetia	Actinobacteria	Bacteria	family	N4357	4381024.8969374085	71.49107534057586	4209.586592581955	92.76136511084738	1.448661547472414
txid85016	1.8461608643898608	0.7774639639761238	0.7379048463920898	4.509201900620137	Cellulomonadaceae	Micrococcales	Actinomycetia	Actinobacteria	Bacteria	family	N5109	3902281.3535597683	73.57141691104286	3636.996416911043	91.06511041829688	1.2821311967571432
txid85017	1.0464491461164132	0.6366223461018188	0.25920234610074433	2.0929067534277563	Promicromonosporaceae	Micrococcales	Actinomycetia	Actinobacteria	Bacteria	family	N5520	4140909.643876188	72.827626188075	3767.643876188075	91.15339239817865	1.6438761880750001
txid85019	1.346584097964047	0.6021224257222831	0.3198375881259032	2.547229975248106	Brevibacteriaceae	Micrococcales	Actinomycetia	Actinobacteria	Bacteria	family	N4011	3452883.7441014536	65.34124431072858	3092.886958596443	90.7760920330035	2.0298157393
txid85020	0.95362894365885	0.7750012615284745	0.3249546790031722	2.321836884258578	Dermabacteraceae	Micrococcales	Actinomycetia	Actinobacteria	Bacteria	family	N3663	3202472.5632846495	68.50578464942501	2835.438284649425	90.27798225596196	1.938284649425
txid85022	1.506074116517096	0.5623413251903491	0.32557937746447724	2.6607018860485403	Jonesiaceae	Micrococcales	Actinomycetia	Actinobacteria	Bacteria	family	N5519	3262781.645225658	62.34522565865	2938.64522565865	90.26107331229521	2.8952256586500003
txid85023	1.1940221781998552	0.4734845173821988	0.1792462854903248	1.7761025947594014	Microbacteriaceae	Micrococcales	Actinomycetia	Actinobacteria	Bacteria	family	N3662	3377613.896177892	67.87438013982921	3208.323144184773	92.02149621791075	1.4916835106157302
txid85026	1.1546851237425872	0.5447096695701917	0.2198027892381625	1.9759617263294087	Gordoniaceae	Corynebacteriales	Actinomycetia	Actinobacteria	Bacteria	family	N5922	4848208.911612156	67.35550104535	4473.300501045349	91.33877932450329	1.4116121564611115
txid85028	3.6058179286681535	0.9740037464252967	2.4443467161333525	11.033525265446595	Tsukamurellaceae	Corynebacteriales	Actinomycetia	Actinobacteria	Bacteria	family	N5482	4491563.034198428	69.7941984283	4351.5341984283	92.8544774711659	1.5341984282999999
txid85029	1.4832396974191326	1.095445115010332	1.0537762485046795	5.1044838738971325	Dietziaceae	Corynebacteriales	Actinomycetia	Actinobacteria	Bacteria	family	N4350	3595305.7269196664	69.29025299959999	3402.726919666267	90.76097266325962	1.7269196662666666
txid85030	1.3546227777179063	0.9185993571014508	0.6715739112980394	3.9092584513952713	Geodermatophilaceae	Geodermatophilales	Actinomycetia	Actinobacteria	Bacteria	family	N3651	4871168.402788595	73.61578859499001	4666.70278859499	90.87661497472214	1.70278859499
txid85031	1.2353356810731355	0.8188237133085804	0.4935100003902925	3.177790553997562	Nakamurellaceae	Nakamurellales	Actinomycetia	Actinobacteria	Bacteria	family	N3309	5940579.120045297	70.0500452971	5283.1200452971	90.85252134252968	1.6200452971
txid85033	1.3677823998673806	0.3080070288241023	0.09199367485261173	1.3235108658164738	Sporichthyaceae	Sporichthyales	Actinomycetia	Actinobacteria	Bacteria	family	G000384115	5500153.0	71.41	5201.0	91.82362745181815	1.0
txid89374	3.8720147370667273	0.6971768444093576	1.3891335459157963	8.48066344485462	Saprospiraceae	Saprospirales	Saprospiria	Bacteroidetes	Bacteria	family	N5263	5421012.511997472	42.881997471266665	4315.8453308046	83.94475041443765	2.511997471266667
txid90627	1.43	0.29	0.08806931405563384	1.3028184734436872	Gallionellaceae	Nitrosomonadales	Betaproteobacteria	Proteobacteria	Bacteria	family	N4229	1813552.8825867805	59.32758678025	1945.6325867802498	91.97870401094309	1.88258678025
txid90964	1.1631924114032792	1.1631924114032792	0.8240495052079784	4.250626966593647	Staphylococcaceae	Bacillales	Bacilli	Firmicutes	Bacteria	family	N3046	2489555.2503019464	35.93363527981568	2427.3679490053064	86.2206911414284	2.76010586805098
txid117942	1.7368487567540067	0.5425826830234937	0.3582048587077918	2.9605868348728577	Desulfurellaceae	Desulfurellales	Deltaproteobacteria	Proteobacteria	Bacteria	family	N1153	1744179.2434238852	37.53142388486	1762.84342388486	95.54567547121198	1.64342388486
txid118882	1.1031362714339747	0.6112937691443083	0.2625645678245183	2.1185026243743867	Brucellaceae	Hyphomicrobiales	Alphaproteobacteria	Proteobacteria	Bacteria	family	N10169	4436462.094658325	54.4346583262	5336.427991659532	87.55381987572015	2.427991659533333
txid118883	1.197911219236287	1.197911219236287	0.900062192755325	4.508158092028629	Sulfolobaceae	Sulfolobales	Thermoprotei	Crenarchaeota	Archaea	family	N799	2361473.4264893653	37.73595744953723	2611.341382981452	88.14628191654168	1.2350000027287236
txid119045	2.6303592273417262	0.9808701585876092	1.72263727864455	8.105437450897632	Methylobacteriaceae	Hyphomicrobiales	Alphaproteobacteria	Proteobacteria	Bacteria	family	N9367	6309588.064420776	68.28652604008947	6010.801262882194	85.87938542826252	2.8538944611421058
txid119060	1.5048690119862038	0.5932697876912727	0.3587159778534885	2.8047929329117216	Burkholderiaceae	Burkholderiales	Betaproteobacteria	Proteobacteria	Bacteria	family	N4969	5884087.401447464	61.60115334587942	5378.8720356988215	87.60374135772616	3.0779180517617655
txid134623	0.5477225575051661	0.5477225575051661	0.08603605814318215	0.9424777960769378	Opitutaceae	Opitutales	Opitutae	Verrucomicrobia	Bacteria	family	N2741	4934005.026250008	63.61125000701667	4049.692916673683	89.05412954108499	1.3595833403500002
txid135621	1.8807026964251672	0.6188166603759574	0.497533517988617	3.656217454364272	Pseudomonadaceae	Pseudomonadales	Gammaproteobacteria	Proteobacteria	Bacteria	family	N6276	5154426.661885116	61.69983966154773	4716.320976025184	89.15439255632474	3.502794207002273
txid143067	3.872983346207418	0.8944271909999159	2.2461388127564144	10.882796185405306	Methanotrichaceae	Methanosarcinales	Methanomicrobia	Euryarchaeota	Archaea	family	N659	2331951.3650086597	56.0487586599125	2396.2400086599127	87.31168340372174	1.1150086599125
txid145357	0.9906452641167174	0.5944366345689597	0.2115497445867502	1.8500080029346169	Dermacoccaceae	Micrococcales	Actinomycetia	Actinobacteria	Bacteria	family	N4724	3914468.1478686654	68.05620199914999	3741.147868665817	91.68072241946226	1.9812019991499998
txid171550	1.6575023927970651	0.299379516552391	0.10886546270447102	1.5589282223974033	Rikenellaceae	Bacteroidales	Bacteroidia	Bacteroidetes	Bacteria	family	N6982	2899399.2785221925	56.35985552607333	2441.4785221927405	88.6416335799948	1.545188859406667
txid171551	2.9580398915498085	0.7984359711335656	1.3469899605787417	7.419830661802638	Porphyromonadaceae	Bacteroidales	Bacteroidia	Bacteroidetes	Bacteria	family	N7397	2194693.9625105085	48.96001050821876	1887.4000105082187	88.07670465340885	1.27501050821875
txid183710	1.8858719600600042	1.2894573752553755	1.8429209462301392	7.6395726719043875	Deinococcaceae	Deinococcales	Deinococci	Deinococcus-Thermus	Bacteria	family	N578	3757236.2659056038	67.10545105798184	3720.265905603437	88.27736309107719	2.5840874216181815
txid186803	3.1513671194253767	0.6127749451222627	0.8475166417925886	6.066663014515957	Lachnospiraceae	Eubacteriales	Clostridia	Firmicutes	Bacteria	family	N1838	3603933.2975946316	42.98168193287302	3292.746007329699	89.49293405017654	1.7539438376349208
txid186804	3.5332626958335447	0.9544391821475732	2.2453758616821577	10.594343764041176	Peptostreptococcaceae	Eubacteriales	Clostridia	Firmicutes	Bacteria	family	N2685	2937287.8431307706	32.713130771039125	2756.5387829449523	86.22720864719452	5.625739466691305
txid186806	1.8165902124584952	0.6324555320336759	0.5044680581656323	3.6094151616900434	Eubacteriaceae	Eubacteriales	Clostridia	Firmicutes	Bacteria	family	N1833	3310059.101856907	43.51310690648751	3098.9768569064872	88.43734887033196	2.4768569064875
txid186818	2.345525749185265	0.743782891723062	0.8980880467016018	5.480702925238759	Planococcaceae	Bacillales	Bacilli	Firmicutes	Bacteria	family	N4471	3691383.5068964856	41.113738590915794	3630.8490017488098	85.22045021713721	3.2174228014421047
txid186820	2.143873615144456	0.4486046343663661	0.313017010356885	3.021431884444416	Listeriaceae	Bacillales	Bacilli	Firmicutes	Bacteria	family	N3047	2928895.7956744498	39.09089184075217	2996.8391527103167	88.91291071915933	1.2739353190130436
txid186821	3.9819875114081187	0.6339980531966842	1.1574968632542777	7.931177885655055	Sporolactobacillaceae	Bacillales	Bacilli	Firmicutes	Bacteria	family	N2721	3250973.8057613685	46.867761368400004	3192.0057613683994	84.02396613738176	1.0057613684
txid186822	2.789580027774349	0.6522894241838264	0.8520698708983385	5.716484561151818	Paenibacillaceae	Bacillales	Bacilli	Firmicutes	Bacteria	family	N3029	5941819.179724173	48.70026680910542	5535.063445103679	86.46240196703965	2.82313502615969
txid186823	3.3022002571362403	0.6879309031374323	1.131579693024874	7.136710808663773	Alicyclobacillaceae	Bacillales	Bacilli	Firmicutes	Bacteria	family	N1333	3488482.5071981978	55.874531530906644	3508.5738648642396	88.08475966586556	1.77386486424
txid188709	3.7416573867739413	0.8366600265340756	1.903757629824476	9.834740623457016	Thermotogaceae	Thermotogales	Thermotogae	Thermotogae	Bacteria	family	N142	1907530.2645411321	45.71231890988334	1920.70898557655	95.50072149809635	1.1534300209944446
txid188711	1.4217842556092035	0.5240921009721671	0.2660863837585448	2.340944877914135	Thermodesulfobacteriaceae	Thermodesulfobacteriales	Thermodesulfobacteria	Thermodesulfobacteria	Bacteria	family	N4198	1888903.0278945253	38.81189452522	1875.52789452522	93.61387147615754	1.42789452522
txid188786	3.061388897676031	0.42156396638791416	0.40536802132159133	4.054449146499528	Thermaceae	Thermales	Deinococci	Deinococcus-Thermus	Bacteria	family	N577	2642588.186606729	66.8918698876895	2683.818185677164	93.09639615383011	2.2918698876894736
txid189770	3.7416573867739413	0.12247448713915887	0.043599406408210535	1.4396586137792406	Chrysiogenaceae	Chrysiogenales	Chrysiogenetes	Chrysiogenetes	Bacteria	family	N963	2876769.145039377	53.22503937645	2603.14503937645	91.45161582463328	2.6450393764499998
txid189773	1.2	0.7	0.3720169300625912	2.638937829015426	Herpetosiphonaceae	Herpetosiphonales	Chloroflexia	Chloroflexi	Bacteria	family	N1779	5800368.543767148	56.017100481	5003.5437671476675	89.08924461212268	2.877100481
txid191394	2.308667154536208	0.4045391320890647	0.2781350157885499	2.9340785426920477	Deferribacteraceae	Deferribacterales	Deferribacteres	Deferribacteres	Bacteria	family	N964	2666200.006175273	38.981889559414284	2498.577603845129	91.60239981940619	2.1490324165571426
txid194924	2.5299806847614974	0.5764718944008528	0.6059802943110388	4.5818958865133	Desulfovibrionaceae	Desulfovibrionales	Deltaproteobacteria	Proteobacteria	Bacteria	family	N3840	3717000.786054807	55.687610362433325	3299.5638325846553	87.44020684526735	2.363832584655556
txid196137	14.811283188326495	0.4949232003839765	2.8176909567125668	23.029280570718345	Methanospirillaceae	Methanomicrobiales	Methanomicrobia	Euryarchaeota	Archaea	family	G000013445	3544738.0	45.15	3415.0	88.69400220834375	4.0
txid200667	10.84474919951931	0.5157106983369333	2.2167634167058017	17.57015231296891	Flammeovirgaceae	Cytophagales	Cytophagia	Bacteroidetes	Bacteria	family	N6965	8070881.517097867	34.88709786646667	6180.8504311997995	87.71746093093331	1.5170978664666668
txid203488	10.000000000000002	0.4898979485566356	1.854174396229992	15.39059796194237	Dictyoglomaceae	Dictyoglomales	Dictyoglomia	Dictyoglomi	Bacteria	family	N21	1904804.4107785325	34.2674451992	1856.0774451992002	93.99001523924441	2.410778532533333
txid203492	0.7071067811865476	0.5	0.10611516834255527	1.1107207345395915	Fusobacteriaceae	Fusobacteriales	Fusobacteriia	Fusobacteria	Bacteria	family	N99	2517630.506549681	31.828930633738093	2443.220835395643	90.63745459143931	2.363692538499999
txid203557	1.5326699275273332	0.7048136493083981	0.4973221948193038	3.39369504905056	Verrucomicrobiaceae	Verrucomicrobiales	Verrucomicrobiae	Verrucomicrobia	Bacteria	family	G000172155	8220857.0	60.31	6519.0	87.31440043294756	4.0
txid204434	1.7797854404913802	0.6518287654614523	0.5140642312448986	3.6446098497610535	Acidobacteriaceae	Acidobacteriales	Acidobacteriia	Acidobacteria	Bacteria	family	N3815	5316050.501312357	58.683077062929414	4516.207194709988	88.84891771198873	1.207194709988235
txid206349	2.2803508501982757	0.3741657386773941	0.23699366986663356	2.680498461852394	Hydrogenophilaceae	Hydrogenophilales	Hydrogenophilalia	Proteobacteria	Bacteria	family	N4599	2240027.514548932	65.54454893190001	2163.0145489319	94.0048209902397	1.0145489318999998
txid213117	2.2102413257933464	0.6869875854386805	0.7300824851953029	4.770220522672792	Desulfohalobiaceae	Desulfovibrionales	Deltaproteobacteria	Proteobacteria	Bacteria	family	N3838	2997870.7258240473	42.8124907143	2830.5591573809666	89.83642541405283	1.5591573809666668
txid213119	2.9978032272472954	0.9302148135739844	1.7996840884495473	8.760648321664776	Desulfobacteraceae	Desulfobacterales	Deltaproteobacteria	Proteobacteria	Bacteria	family	N5309	4748933.513041908	48.675800529217256	4253.9268350119755	88.32012614689879	1.5130419085275861
txid213121	2.085918983714929	1.1247884236391408	1.6996541049012843	7.3708597419339315	Desulfobulbaceae	Desulfobacterales	Deltaproteobacteria	Proteobacteria	Bacteria	family	N4558	3352736.3917302242	57.36339689055	2917.725063557217	87.04938013456676	1.7250635572166668
txid213421	2.7682294565182874	0.6640575031299666	0.8818547249340883	5.775075235724702	Desulfuromonadaceae	Desulfuromonadales	Deltaproteobacteria	Proteobacteria	Bacteria	family	N5289	3809917.1342334733	54.13006680719167	3531.8009001405244	88.90194502795323	1.3842334738583333
txid213422	2.12820858418366	0.4792644652112072	0.35331073787381817	3.204345178169406	Geobacteraceae	Desulfuromonadales	Deltaproteobacteria	Proteobacteria	Bacteria	family	N5290	3689105.047925186	55.73149661436429	3391.976496614364	90.2186959496887	1.7622109000785713
txid213465	2.0	1.1989578808281798	1.8063177688273344	7.533274540746791	Syntrophobacteraceae	Syntrophobacterales	Deltaproteobacteria	Proteobacteria	Bacteria	family	N4926	4012805.5251247534	57.44512475303333	3518.5251247530337	87.55703298183427	1.1917914197000001
txid213483	0.95	0.5	0.15380714033200027	1.4922565104551515	Bdellovibrionaceae	Bdellovibrionales	Oligoflexia	Proteobacteria	Bacteria	family	N1897	3407289.240985914	45.781755144738455	3274.317908990893	93.05155285791821	1.3179089908923074
txid224027	1.8156700003104285	0.4278085606107745	0.23933235663434804	2.440260900123195	Hydrogenothermaceae	Aquificales	Aquificae	Aquificae	Bacteria	family	N1883	1768864.3440143983	34.0240143983	1868.9440143983	93.1701975375663	2.5440143983000003
txid224372	1.799020670514869	0.5025069709423986	0.3203692064194372	2.8400639346816035	Alcanivoracaceae	Oceanospirillales	Gammaproteobacteria	Proteobacteria	Bacteria	family	N4998	4033042.9446361386	58.480350424285724	3627.373207567143	89.53879329742153	2.0874932814285714
txid224379	2.1822472719434427	0.6111844014096918	0.5769499655266476	4.190116457333599	Hahellaceae	Oceanospirillales	Gammaproteobacteria	Proteobacteria	Bacteria	family	N7129	6890116.079740664	51.59474066425	6276.5797406642505	87.85099759483248	3.07974066425
txid224380	1.6207359770526288	0.5957892135528948	0.394290399401222	3.033575314677865	Desulfonatronaceae	Desulfovibrionales	Deltaproteobacteria	Proteobacteria	Bacteria	family	N3839	4106569.388870181	58.4122035146	3689.3888701812666	88.16605106544459	2.055536847933334
txid224463	2.987186661189316	0.91375057735316	1.7306424866645342	8.575113921367084	Nannocystaceae	Myxococcales	Deltaproteobacteria	Proteobacteria	Bacteria	family	N2789	10878609.89042896	70.31042896013334	8611.223762293468	88.93214473389061	1.5570956268
txid224467	1.215181779429502	0.482386439636373	0.19030853059138814	1.8415614391301935	Nautiliaceae	Nautiliales	Epsilonproteobacteria	Proteobacteria	Bacteria	family	N1374	1660354.095230351	30.785230350799996	1805.4285636841332	92.70158208423983	4.0952303508
txid225058	1.5	1.5	1.7671458676442586	7.0685834705770345	Acidithiobacillaceae	Acidithiobacillales	Acidithiobacillia	Proteobacteria	Bacteria	family	N1639	3456046.0272159516	56.105215952125015	3771.227215952125	89.95631852007708	1.3772159521250003
txid255474	1.4295196269765478	0.6563046383179032	0.4050166959725954	2.947443364072816	Parvularculaceae	Parvularculales	Alphaproteobacteria	Proteobacteria	Bacteria	family	N5326	3128573.6295875628	64.1795875628	2915.6295875628	91.53412730413768	1.1295875627999998
txid255526	1.0721306583576131	0.4652356565589189	0.15484423437487224	1.5670057148961725	Halothiobacillaceae	Chromatiales	Gammaproteobacteria	Proteobacteria	Bacteria	family	N3881	2437870.612053681	60.562053681	2250.612053681	90.77441989374148	1.612053681
txid255527	2.3058723144884343	0.53255938167022	0.4661049326709655	3.857919553605665	Saccharospirillaceae	Oceanospirillales	Gammaproteobacteria	Proteobacteria	Bacteria	family	N7518	5248622.830644055	52.2873107225	4635.4973107225005	88.59127341799892	3.1639773891666674
txid267888	1.7457584847915713	0.5808980841835906	0.40944535304885404	3.1859134864480163	Pseudoalteromonadaceae	Alteromonadales	Gammaproteobacteria	Proteobacteria	Bacteria	family	N6287	4765848.953482502	42.12163064957777	4206.286815834763	89.03495557508121	3.434963982911111
txid267889	1.6960065108378954	0.5591539517242998	0.3682469415781111	2.9792626112077145	Colwelliaceae	Alteromonadales	Gammaproteobacteria	Proteobacteria	Bacteria	family	N5845	4843977.250766323	40.020766321349996	4121.250766321349	86.4272283634064	3.6507663213500003
txid267890	2.1229972082093256	0.6643427515784072	0.6524794822591237	4.430895388780677	Shewanellaceae	Alteromonadales	Gammaproteobacteria	Proteobacteria	Bacteria	family	N6292	4946848.798004182	45.68508751522501	4299.131337515225	85.76128096029679	5.339670848558332
txid267891	2.8165054041321835	0.9966554934125964	1.9021303118365518	8.818719446350489	Moritellaceae	Alteromonadales	Gammaproteobacteria	Proteobacteria	Bacteria	family	N7538	4991785.522322437	40.1473224363	4426.5223224363	86.20632810606793	6.0223224363000005
txid267892	1.680395069485895	0.6048878635991253	0.4172143568790255	3.1932736861240074	Ferrimonadaceae	Alteromonadales	Gammaproteobacteria	Proteobacteria	Bacteria	family	N6291	4347970.861079433	57.561079433125	3903.8610794331253	88.88239675744296	1.8610794331249998
txid267893	1.9358137356458391	0.5042932993653286	0.3496429798987233	3.0668789694514813	Idiomarinaceae	Alteromonadales	Gammaproteobacteria	Proteobacteria	Bacteria	family	N5000	2699588.701603203	48.195132615011765	2534.4663090856	93.2715049865943	1.4074855561882356
txid267894	2.2789781596946512	0.8604077470097036	1.142844195191638	6.160193412073318	Psychromonadaceae	Alteromonadales	Gammaproteobacteria	Proteobacteria	Bacteria	family	N7539	3741475.3114273916	39.25476072421667	3289.6447607242167	83.63502116276318	4.144760724216667
txid292628	100.00000000000004	0.30476168981692764	7.287045259642579	95.743708582447	Anaerolineaceae	Anaerolineales	Anaerolineae	Chloroflexi	Bacteria	family	N3980	3581233.315554568	52.948887900841676	3242.1488879008416	91.40857880772937	1.482221234175
txid316606	1.2459935794377113	0.4	0.1397606658987681	1.5657617102326256	Segniliparaceae	Corynebacteriales	Actinomycetia	Actinobacteria	Bacteria	family	N4352	3372578.047734997	67.5427349967	3288.5477349967	90.68843390538964	1.0477349967
txid320583	1.2863241690866736	0.6708203932499369	0.3748801479939576	2.710856691568136	Conexibacteraceae	Solirubrobacterales	Thermoleophilia	Actinobacteria	Bacteria	family	N1108	5129505.850473509	71.7038068424	4874.850473509066	92.22374854466212	1.4338068424
txid335928	1.3756227353937618	0.7335107909132921	0.4724131684270404	3.169974180614588	Xanthobacteraceae	Hyphomicrobiales	Alphaproteobacteria	Proteobacteria	Bacteria	family	N8878	5162393.505895514	67.9658955139375	4739.6308955139375	89.08591774551162	1.8808955139374999
txid335929	1.4409409513985172	0.5120228435317932	0.25350310894362343	2.3178503569018174	Erythrobacteraceae	Sphingomonadales	Alphaproteobacteria	Proteobacteria	Bacteria	family	N8217	3244008.910288732	63.543088731968	3107.990288731968	91.80768615457926	1.2302887319679998
txid338190	0.7208434242404262	0.2736785217080362	0.03680294950362839	0.6197713966545495	Nitrosopumilaceae	Nitrosopumilales		Thaumarchaeota	Archaea	family	N791	1491941.9461908878	33.29000041181905	1925.7080956499142	90.41257040024179	0.9938099356285713
txid414713	2.449489742783178	0.7162351457468483	0.8359346557470947	5.51164358720147	Actinospicaceae	Catenulisporales	Actinomycetia	Actinobacteria	Bacteria	family	G000504285	9918887.0	70.26	8596.0	86.95238689582813	4.0
txid414877	0.6324555320336759	0.5	0.0914574298475576	0.9934588265796102	Catenulisporaceae	Catenulisporales	Actinomycetia	Actinobacteria	Bacteria	family	G000024025	10467782.0	69.77	9036.0	89.19167403371603	3.0
txid415002	0.9329199906264262	0.8362150777608833	0.3526734904727329	2.4508247979955	Puniceicoccaceae	Puniceicoccales	Opitutae	Verrucomicrobia	Bacteria	family	N2446	2120096.3584364937	47.63065871598889	1963.1362142715443	90.77270940692055	1.0251031604333332
txid475964	100.00000000000004	0.5	19.60222916146132	157.0796326794897	Caldilineaceae	Caldilineales	Caldilineae	Chloroflexi	Bacteria	family	G000281175	5144873.0	58.77	4162.0	89.67329222703844	2.0
txid485255	3.831547161967767	0.4188859364120028	0.5050848500678834	5.042197212564458	Natranaerobiaceae	Natranaerobiales	Clostridia	Firmicutes	Bacteria	family	G000020005	3191453.0	36.31	2981.0	87.40492183340942	4.0
txid510685	0.85	0.25	0.037633661996127735	0.667588438887831	Sneathiellaceae	Sneathiellales	Alphaproteobacteria	Proteobacteria	Bacteria	family	G000616095	3629390.0	46.94	3852.0	90.83592559631231	1.0
txid539000	2.5630604186854113	0.5883365506865761	0.6364135259800232	4.7373399048623535	Clostridiales Family XVII. Incertae Sedis	Eubacteriales	Clostridia	Firmicutes	Bacteria	family	N435	3281899.05902587	65.83402587005	2965.5590258700504	85.9558787593607	3.55902587005
txid543313	1.8708286933869709	0.4472135954999579	0.2669840374069016	2.6284449929116933	Eubacteriales Family XII. Incertae Sedis	Eubacteriales	Clostridia	Firmicutes	Bacteria	family	N3337	4048079.2562030256	41.59620302536667	3704.5895363587006	88.63384272992248	1.5895363587000002
txid543314	4.898979485566356	0.8366600265340756	2.540028685420065	12.876698099213991	Eubacteriales Family XIII. Incertae Sedis	Eubacteriales	Clostridia	Firmicutes	Bacteria	family	N2683	2048613.348442444	45.020207150035304	1893.2307953853292	89.89013826636403	1.4072659735647057
txid543371	3.663326049683685	0.5302203695897026	0.7620430254311124	6.102135611551043	Thermoanaerobacterales Family III. Incertae Sedis	Thermoanaerobacterales	Clostridia	Firmicutes	Bacteria	family	N1328	2689880.1613049307	35.75130493062	2601.46130493062	88.35504045015475	2.86130493062
txid543372	11.499999999999998	0.5	2.2252947962927703	18.064157758141317	Thermoanaerobacterales Family IV. Incertae Sedis	Thermoanaerobacterales	Clostridia	Firmicutes	Bacteria	family	G000213255	3135972.0	43.45	2970.0	91.0189568019102	3.0
txid558314	1.4168718272132783	0.5921666895600207	0.3342407130996449	2.635872575340924	Desulfurobacteriaceae	Desulfurobacteriales	Aquificae	Aquificae	Bacteria	family	N1617	1640631.6267627913	41.396762791425004	1691.126762791425	94.95517895450648	1.626762791425
txid558415	6.911226194714718	0.2964565656094825	0.4697889891146103	6.436741272473091	Marinilabiliaceae	Marinilabiliales	Bacteroidia	Bacteroidetes	Bacteria	family	N6984	5029519.602131313	39.871131313	4115.402131313	86.68176112156756	1.502131313
txid563798	2.0378393027018933	0.4594656227206767	0.3095850365412495	2.941526936049889	Cyclobacteriaceae	Cytophagales	Cytophagia	Bacteroidetes	Bacteria	family	N8134	5119078.79614724	42.032147240156	4419.716147240156	88.90438462408622	1.636147240156
txid563835	2.2987659968352987	0.5218141023037286	0.4402251391049432	3.7684299706366793	Chitinophagaceae	Chitinophagales	Chitinophagia	Bacteroidetes	Bacteria	family	N5687	5353426.992318818	43.634205610249055	4511.501752780061	90.3738307212148	1.4262810819471696
txid563843	2.29128784747792	0.5	0.4171683933311191	3.5991465344481024	Rhodothermaceae	Bacteroidetes Order II. Incertae sedis		Bacteroidetes	Bacteria	family	N4160	3457696.539473166	64.83947316606667	2909.8728064994007	88.77259634681388	1.2061398327333333
txid566277	0.8	0.8	0.26808257310632905	2.010619298297468	Lentisphaeraceae	Lentisphaerales	Lentisphaeria	Lentisphaerae	Bacteria	family	G000170755	6023180.0	40.95	4965.0	88.38628432157101	3.0
txid568386	1.1842972322725414	0.5405563096732745	0.22463626866774652	2.0111827160274918	Sinobacteraceae	Nevskiales	Gammaproteobacteria	Proteobacteria	Bacteria	family	N4973	4360468.761898589	66.06618430382858	3898.4761843038286	91.02424286448434	1.4761843038285716
txid570265	1.9078784028338915	0.5291502622129179	0.38077563408368215	3.1716085517589128	Methanocellaceae	Methanocellales	Methanomicrobia	Euryarchaeota	Archaea	family	N374	2838663.1615886055	54.2482552719	2895.4949219385667	87.28838184126927	2.494921938566667
txid596498	2.25	0.4	0.2659881780039359	2.827433388230814	Nitriliruptoraceae	Nitriliruptorales	Nitriliruptoria	Actinobacteria	Bacteria	family	G000969705	5558097.0	72.06	5218.0	91.08646358636778	1.0
txid597359	2.1908902300206647	0.3872983346207417	0.24289900439464546	2.6657297628950203	Kiloniellaceae	Rhodospirillales	Alphaproteobacteria	Proteobacteria	Bacteria	family	N5747	4408791.40212321	47.575456543533335	4142.0687898768665	88.50582435914885	0.7354565435333335
txid622451	1.45	0.55	0.3009383962751223	2.50542014123786	Actinopolysporaceae	Actinopolysporales	Actinomycetia	Actinobacteria	Bacteria	family	N5069	4982180.061418618	68.58475195146667	4538.061418618133	84.69164040255238	4.061418618133334
txid649777	2.970510194290134	0.7142571613250063	1.0701338315016036	6.665542828398363	Synergistaceae	Synergistales	Synergistia	Synergistetes	Bacteria	family	N221	2174322.189672001	55.13518924214139	2081.637947862831	91.35497136344317	2.258637518003448
txid655351	1.8982439916058664	0.4443744102611056	0.2700166351738782	2.6500309632685832	Cohaesibacteraceae	Hyphomicrobiales	Alphaproteobacteria	Proteobacteria	Bacteria	family	G900115225	5339722.0	53.8	4842.0	86.82159857760384	1.0
txid693073	4.95	0.3	0.3428262983229862	4.665265090580842	Caldisericaceae	Caldisericales	Caldisericia	Caldiserica	Bacteria	family	N59	1389820.213927478	35.678927477900004	1410.7139274779001	91.81461675955714	0.7139274779
txid715221	8.74642784226795	0.3968626966596885	1.0654926106821814	10.904879459564206	Caldicoprobacteraceae	Eubacteriales	Clostridia	Firmicutes	Bacteria	family	G000526435	2725044.0	44.78	2525.0	85.98829963846454	1.0
txid742031	1.2365396592744562	0.5594122904254923	0.2554534116414067	2.1731511116097613	Salinisphaeraceae	Salinisphaerales	Gammaproteobacteria	Proteobacteria	Bacteria	family	N4608	4021322.0959257493	62.7109257498	3685.0959257498	88.76099446867764	1.0959257498000001
txid768668	1.4142135623730951	0.8660254037844386	0.6629968605077357	3.847649490485592	Thermogemmatisporaceae	Thermogemmatisporales	Ktedonobacteria	Chloroflexi	Bacteria	family	N1535	5582230.512348916	61.0223489169	4454.5123489169	82.705050940522	2.0123489169
txid909930	1.6397691447073577	0.4733605785528177	0.2428217275764536	2.4385107240544777	Acidaminococcaceae	Acidaminococcales	Negativicutes	Firmicutes	Bacteria	family	N1116	2279611.939672303	49.743005635775006	2120.439672302442	88.89210961626789	1.6063389691083334
txid990719	1.2328828005937953	0.4	0.13817346114416154	1.5492862196330708	Christensenellaceae	Eubacteriales	Clostridia	Firmicutes	Bacteria	family	N1835	2437816.244205961	52.4667059609375	2316.4942059609375	89.3285764455118	0.7442059609374999
txid995019	1.4615470839760727	0.9582483592122992	0.8089315722551971	4.3998793500335545	Sutterellaceae	Burkholderiales	Betaproteobacteria	Proteobacteria	Bacteria	family	N3517	2427518.6160352	54.16421701843637	2198.4342170184364	87.88245588097311	1.8887624729818184
txid1042322	1.5394342693432876	0.5128976005200718	0.2779566439061976	2.4805140436280606	Demequinaceae	Micrococcales	Actinomycetia	Actinobacteria	Bacteria	family	N4374	2879564.0916247997	70.56662479975	2688.59162479975	92.47075344789667	1.09162479975
txid1055686	4.5	0.85	2.3927482297138005	12.01659189998096	Sandaracinaceae	Myxococcales	Deltaproteobacteria	Proteobacteria	Bacteria	family	G000737325	10327335.0	72.04	8708.0	92.28510549914377	2.0
txid1077264	2.7386127875258306	0.5916079783099616	0.6986065964643196	5.089961841984629	Chthonomonadaceae	Chthonomonadales	Chthonomonadetes	Armatimonadetes	Bacteria	family	N1097	3388193.643477722	57.5709777222625	3019.643477722262	91.08687179843605	1.7684777222625
txid1129771	2.3319901063452377	0.4537005609754061	0.3327522508402528	3.3238842566989337	Leptotrichiaceae	Fusobacteriales	Fusobacteriia	Fusobacteria	Bacteria	family	N98	2028957.4791864126	28.98518641235334	1989.74585307902	89.69223817494981	2.279186412353333
txid1198451	3.2396118012774835	0.5033113547800564	0.5991472313209233	5.12247176552024	Methanoregulaceae	Methanomicrobiales	Methanomicrobia	Euryarchaeota	Archaea	family	N656	2584893.75647184	55.646471840375	2562.756471840375	87.76315900624935	1.7564718403750001
txid1202464	0.65	0.15	0.01060287520586555	0.3063052837250048	Dehalococcoidaceae	Dehalococcoidales	Dehalococcoidia	Chloroflexi	Bacteria	family	N3634	1413672.7682466882	47.54120965091852	1479.5089874286964	90.5022890093634	0.9904689101777779
txid1240483	1.2884187516294856	0.6223329772884784	0.316426825999363	2.5190090301905097	Orbaceae	Orbales	Gammaproteobacteria	Proteobacteria	Bacteria	family	N8333	2484471.297007259	35.020165153821054	2297.4022704169793	85.42972264897674	3.454901995926316
txid1266054	1.05	0.6	0.2403318379996192	1.9792033717615696	Algiphilaceae	Nevskiales	Gammaproteobacteria	Proteobacteria	Bacteria	family	G000733765	3805681.0	66.38	3561.0	91.52414508730502	1.0
txid1331809	2.022853836677498	0.5334119473886842	0.40226808270492026	3.389823725681576	Kordiimonadaceae	Kordiimonadales	Alphaproteobacteria	Proteobacteria	Bacteria	family	G000375545	4082245.0	57.51	3724.0	91.3758238420281	1.0
txid1333713	1.25	0.3	0.08128870991163589	1.1780972450961724	Schleiferiaceae	Flavobacteriales	Flavobacteriia	Bacteroidetes	Bacteria	family	N5693	2309670.0678083855	48.14980838583999	2140.4678083858403	94.54366173914192	1.0678083858399998
txid1334117	2.5495097567963922	0.2958039891549808	0.16843216051221366	2.3692482991699237	Melioribacteraceae	Ignavibacteriales	Ignavibacteria	Ignavibacteriae	Bacteria	family	N4155	3424888.512062423	36.9384260593091	3165.1029715138548	91.65817453482904	0.6484260593090909
txid1400857	3.5	3.25	20.048106243806735	35.735616434583896	Candidatus Competibacteraceae		Gammaproteobacteria	Proteobacteria	Bacteria	family	N4245	4348258.079827155	57.2648271547	4192.0798271547	89.58677501656979	1.0798271547
txid1471398	13.564659966250536	0.44497190922573976	2.086149735552909	18.962315985672408	Prolixibacteraceae	Marinilabiliales	Bacteroidia	Bacteroidetes	Bacteria	family	N7790	5205086.723985067	41.55598506672	4227.92398506672	88.87920292903276	1.32398506672
txid1486721	1.2124355652982142	0.8366600265340756	0.4991931523404701	3.1868201908361486	Methylothermaceae	Methylococcales	Gammaproteobacteria	Proteobacteria	Bacteria	family	N5806	3274871.5894025476	54.96440254755	3101.58940254755	91.25116602646955	1.58940254755
txid1491775	4.5721985958617335	0.33763886032268264	0.3992875224695624	4.849839700499814	Proteinivoraceae	Eubacteriales	Clostridia	Firmicutes	Bacteria	family	G900111575	2300172.0	32.93	2343.0	90.23559977253876	0.0
txid1570339	2.3021728866442674	1.4142135623730951	2.8757642242945587	10.228284638762613	Peptoniphilaceae	Tissierellales	Tissierellia	Firmicutes	Bacteria	family	N2403	1893883.276836567	36.0365865667925	1803.6768365667922	90.40276604094579	2.2018365667925
txid1573805	4.852159687009986	0.3706288023162796	0.5055077789013214	5.649683567809406	Marinifilaceae	Marinilabiliales	Bacteroidia	Bacteroidetes	Bacteria	family	G001310955	4718481.0	35.71	4161.0	87.0339204502466	1.0
txid1643685	19.480074928505925	0.20932702787842114	0.6679745929741466	12.810491802565771	Borreliaceae	Spirochaetales	Spirochaetia	Spirochaetes	Bacteria	family	N447	1220784.2061356322	28.67218214403489	1406.9735774928722	86.37706122075537	1.601484469616279
txid1643826	1.3907635913994043	0.482716539830464	0.22329234218414146	2.109091227455244	Eggerthellaceae	Eggerthellales	Coriobacteriia	Actinobacteria	Bacteria	family	N1312	2418161.9175705663	58.196070566505	2063.6675705665048	87.92167376858825	2.1175705665049995
txid1643948	1.7320508075688774	0.9082951062292476	0.9258406586480956	4.9423952586469815	Kosmotogaceae	Kosmotogales	Thermotogae	Thermotogae	Bacteria	family	N139	2371523.9620969454	44.13209694535	2236.71209694535	89.9972437255694	1.71209694535
txid1643949	3.831182689217528	0.7093380449936764	1.3758737941624226	8.537603626970114	Petrotogaceae	Petrotogales	Thermotogae	Thermotogae	Bacteria	family	N140	2022618.0172182142	31.200075357128572	1921.302932499986	91.26074492255427	1.5886467857000002
txid1643950	2.3396542043678297	0.4868139438260856	0.4025731679551484	3.578199546588841	Fervidobacteriaceae	Thermotogales	Thermotogae	Thermotogae	Bacteria	family	N141	2056919.0059728418	35.571972841820006	1972.20597284182	92.10789867715548	2.8059728418199996
txid1644056	1.3765565296408695	1.283524066064324	1.2237598567677708	5.550702352586926	Haloferacaceae	Haloferacales	Halobacteria	Euryarchaeota	Archaea	family	N641	3754630.5289682737	58.55271827408125	3795.3414682740813	84.11170869250566	1.59146827408125
txid1644061	2.650462227246681	0.7181861727038621	0.9391342578395347	5.980101170289638	Natrialbaceae	Natrialbales	Halobacteria	Euryarchaeota	Archaea	family	N495	3872926.2545347945	63.59520146092667	3865.4545347942594	85.44143806974724	1.587868127593333
txid1648490	1.1575953968210744	0.7733307716957913	0.4203336739044485	2.812366754509945	Rubritaleaceae	Verrucomicrobiales	Verrucomicrobiae	Verrucomicrobia	Bacteria	family	N3771	3542157.77133019	51.652580189775	3381.271330189775	91.19480673953572	1.271330189775
txid1676141	2.7694764848252458	0.3872983346207417	0.3110620916782243	3.3697151012293767	Wenzhouxiangellaceae	Chromatiales	Gammaproteobacteria	Proteobacteria	Bacteria	family	G001187785	3675202.0	65.26	3067.0	91.1690296206848	1.0
txid1692041	2.683281572999748	0.3872983346207417	0.30090749286193164	3.2648388556215924	Acidiferrobacteraceae	Acidiferrobacterales	Gammaproteobacteria	Proteobacteria	Bacteria	family	G001705075	3252820.0	63.6	3271.0	87.64312196801546	1.0
txid1706371	2.084915461662755	0.5613469726164122	0.4618701442476049	3.6767974648760218	Cellvibrionaceae	Cellvibrionales	Gammaproteobacteria	Proteobacteria	Bacteria	family	N7121	4508116.631957079	50.20904041220001	3839.006957078867	88.73157932058395	2.0069570788666664
txid1706372	1.4245396466208164	0.4665326334589164	0.2159469857099313	2.087884359397213	Halieaceae	Cellvibrionales	Gammaproteobacteria	Proteobacteria	Bacteria	family	N6695	3797497.1943392614	56.63033926119999	3457.9943392611995	91.83823458788747	1.6943392612000001
txid1706373	2.364491385549857	0.4055159201064907	0.2806766655609408	3.012281243572473	Microbulbiferaceae	Cellvibrionales	Gammaproteobacteria	Proteobacteria	Bacteria	family	N7120	4349217.566994034	52.8919940335	3790.0669940335	86.21701810373581	1.0669940334999999
txid1706375	1.5841511689921055	0.5701331628591457	0.35522117826383964	2.8374145938495667	Spongiibacteraceae	Cellvibrionales	Gammaproteobacteria	Proteobacteria	Bacteria	family	N6694	3915325.0212135697	51.48549928392857	3579.1640707125002	89.69805044326002	2.0212135696428573
txid1737406	7.1719156961637776	0.5696544156935562	1.777234727488029	12.835019025901895	Tissierellaceae	Tissierellales	Tissierellia	Firmicutes	Bacteria	family	N3003	3135187.877282653	32.03561598571667	3127.377282652383	88.34811559190685	1.2106159857166665
txid1738654	1.4142135623730951	0.3872983346207417	0.15139894014603772	1.7207211628636432	Woeseiaceae	Chromatiales	Gammaproteobacteria	Proteobacteria	Bacteria	family	G001677435	4059891.0	57.83	3629.0	90.65969997716688	1.0
txid1763524	2.230456721286719	2.230456721286719	5.810052072466122	15.629226114141467	Isosphaeraceae	Isosphaerales	Planctomycetia	Planctomycetes	Bacteria	family	N2736	7430386.456332469	65.2713324688	5635.9563324688	85.4125807514184	4.7063324688
txid1769717	1.0669676460233537	0.5803009260803007	0.2308128579804856	1.9451557741677217	Mesoaciditogaceae	Mesoaciditogales	Thermotogae	Thermotogae	Bacteria	family	G000745455	2172469.0	39.85	2069.0	88.9280353367528	1.0
txid1771359	2.0	1.0	1.3089969389957472	6.2831853071795845	Thorselliaceae	Enterobacterales	Gammaproteobacteria	Proteobacteria	Bacteria	family	G900111395	3550975.0	35.48	2928.0	82.84637317919726	1.0
txid1775411	1.9378219432059447	0.4768961588093305	0.31575074826982275	2.903270935913544	Rhodanobacteraceae	Xanthomonadales	Gammaproteobacteria	Proteobacteria	Bacteria	family	N5361	4279884.1565242475	66.65417130537648	3819.0977007171414	89.41081045214399	1.803583070082353
txid1813606	2.7503952508347305	0.3647520251607473	0.26762481997403953	3.1516841960579867	Balneolaceae	Balneolales	Balneolia	Balneolaeota	Bacteria	family	N4523	3803635.1852061623	42.84020616198333	3326.518539495317	90.0025426772957	1.5185394953166667
txid1836792	1.4	0.9	0.6997897635871264	3.9584067435231383	Chthoniobacteraceae	Chthoniobacterales	Spartobacteria	Verrucomicrobia	Bacteria	family	G000173075	7848700.0	61.06	6700.0	88.50980417139144	1.0
txid1840213	2.8284271247461903	0.4898979485566356	0.5023647566551193	4.353118474162122	Lentimicrobiaceae	Bacteroidales	Bacteroidia	Bacteroidetes	Bacteria	family	G001192835	4514407.0	46.74	3427.0	87.86203813701334	2.0
txid1843490	3.823989554059227	0.6110644698991154	1.0613133769259102	7.340972590470389	Sporomusaceae	Selenomonadales	Negativicutes	Firmicutes	Bacteria	family	N1324	4145319.9251628327	47.22789010672727	3925.652435561273	87.05595566234497	3.0160719249090913
txid1843491	11.270791522194376	0.7637133411745939	5.006322022683223	27.04174210325132	Selenomonadaceae	Selenomonadales	Negativicutes	Firmicutes	Bacteria	family	N1325	2764520.4496103013	50.70801030166801	2584.929610301668	89.91563439986321	1.4496103016679998
txid1853230	2.3262191637409857	0.3783876348159033	0.244006577134446	2.7652693354398337	Crocinitomicaceae	Flavobacteriales	Flavobacteriia	Bacteroidetes	Bacteria	family	N5691	3929854.6627480485	38.889414715877784	3442.5516369381003	91.62689928217179	0.9960813825444446
txid1853231	2.745723380277159	1.0476895531716472	1.9737301497450157	9.037311834400732	Odoribacteraceae	Bacteroidales	Bacteroidia	Bacteroidetes	Bacteria	family	N6983	4048901.133441898	42.87201332630714	3389.276299040592	90.05729379244494	1.2048704691642858
txid1853232	1.9857144279928087	0.6879027942285636	0.6471767975263343	4.291348031733824	Hymenobacteraceae	Cytophagales	Cytophagia	Bacteroidetes	Bacteria	family	N7371	4962813.754276741	53.804276741075014	4364.954276741077	86.53369260631509	2.054276741075
txid1853234	2.8518879758916857	0.4140824579655874	0.3640928413451456	3.7099594896586936	Persicobacteraceae	Cytophagales	Cytophagia	Bacteroidetes	Bacteria	family	G001308105	8251744.0	41.92	6519.0	82.87793465235956	3.0
txid1903410	1.6530713545994935	0.7045744185501653	0.5507180850139833	3.659049998266071	Pectobacteriaceae	Enterobacterales	Gammaproteobacteria	Proteobacteria	Bacteria	family	N9781	4765563.627037109	53.89989425201428	4179.4841799663	85.93919907690078	4.055608537728571
txid1903411	1.9894243780303087	0.8828890623977509	1.0188923497241948	5.518022216929347	Yersiniaceae	Enterobacterales	Gammaproteobacteria	Proteobacteria	Bacteria	family	N9628	4418068.268815632	49.074347546123406	4272.141156056761	85.02742834261785	2.3539220142085107
txid1903414	2.2909649745478617	0.7619516684669796	0.9164490996798341	5.483978539542599	Morganellaceae	Enterobacterales	Gammaproteobacteria	Proteobacteria	Bacteria	family	N8679	4043363.0492120534	42.409800289158824	3835.755094406806	84.34407328478243	4.402153230335294
txid1903416	2.75	0.8	1.2482594810263443	6.911503837897545	Budviciaceae	Enterobacterales	Gammaproteobacteria	Proteobacteria	Bacteria	family	N8334	4483549.2940429505	47.61404295015	3926.79404295015	85.47429855578585	1.7940429501500001
txid1914233	2.5068327016838	2.316885495922313	7.2848678843624874	18.24650939016516	Gemmataceae	Gemmatales	Planctomycetia	Planctomycetes	Bacteria	family	N2735	9624132.183227018	63.323227017700006	8378.1832270177	86.30216641798154	2.1832270177
txid1920240	2.1750678103415413	0.4700142160985002	0.3454127042315988	3.2116903565115233	Kangiellaceae	Kangiellales	Gammaproteobacteria	Proteobacteria	Bacteria	family	N4258	2673657.5621130643	43.79711306465	2462.56211306465	90.53773969749619	2.06211306465
txid1921568	1.2649110640673518	0.2	0.037643957960791216	0.7947670612636881	Micropepsaceae	Micropepsales	Alphaproteobacteria	Proteobacteria	Bacteria	family	G001644385	1314140.0	63.0	1345.0	91.17544553852709	1.0
txid1934946	0.56	0.3499999999999999	0.04265366525717641	0.6157521601035995	Immundisolibacteraceae	Immundisolibacterales	Gammaproteobacteria	Proteobacteria	Bacteria	family	G001697225	3243537.0	67.79	3055.0	90.77729034692685	1.0
txid1937960	2.1872844044758706	0.5898423370508423	0.5342456676124278	4.0531350138021764	Lewinellaceae	Saprospirales	Saprospiria	Bacteroidetes	Bacteria	family	N6124	6454013.45531996	51.23031995885	4917.70531995885	88.19444428021345	1.45531995885
txid1962854	6.92820323027551	0.2449489742783178	0.3226362360716736	5.33145952579004	Calditrichaceae	Calditrichales	Calditrichia	Calditrichaeota	Bacteria	family	N3086	3422696.5576410317	46.08430769818333	3039.5576410315166	87.7159523275778	1.0576410315166667
txid1962910	1.05	0.65	0.2765256033628516	2.144136986075034	Bryobacteraceae	Bryobacterales	Acidobacteriia	Acidobacteria	Bacteria	family	G000702445	5747993.0	57.95	5068.0	93.55789055414648	2.0
txid1963270	1.1313708498984762	1.1313708498984762	0.7582520214456948	4.021238596594936	Halococcaceae	Halobacteriales	Halobacteria	Euryarchaeota	Archaea	family	N492	3621949.1174602113	63.953174497199996	3763.546031640057	86.46508919255453	1.1174602114857142
txid1963271	2.316983038513912	0.750943006024688	0.9014578176817574	5.466126825998829	Halorubraceae	Haloferacales	Halobacteria	Euryarchaeota	Archaea	family	N491	2991028.86033303	64.901933030348	3010.140333030348	87.01448818144979	1.300333030348
txid2005519	2.5026801399074987	0.5746239856544997	0.5977414904236996	4.517924510775815	Barnesiellaceae	Bacteroidales	Bacteroidia	Bacteroidetes	Bacteria	family	N7797	3730218.3681900925	42.94069009225001	2961.11819009225	89.74911697546298	3.1181900922500003
txid2005520	2.0791584083568546	0.7946185504180575	0.89524844660962	5.19034410255201	Dysgonomonadaceae	Bacteroidales	Bacteroidia	Bacteroidetes	Bacteria	family	N8181	3920054.158749437	41.229925907611765	3270.5705141429057	90.50444889027028	1.4528670840823528
txid2005525	2.9104947766401024	0.8988661719460613	1.638260580308879	8.218862850011968	Tannerellaceae	Bacteroidales	Bacteroidia	Bacteroidetes	Bacteria	family	N7795	4815403.568084017	44.749512588542856	3932.1395125885433	90.62294600852124	2.7109411599714286
txid2008790	1.6652351384975836	0.43942903513664855	0.2295778725596485	2.2988688128999115	Thiobacillaceae	Nitrosomonadales	Betaproteobacteria	Proteobacteria	Bacteria	family	N3164	3240425.050094327	63.75009432666666	3168.050094326667	91.33486458213025	2.38342766
txid2008793	1.2649110640673518	0.5656854249492381	0.27051607316511944	2.2479407139330334	Sterolibacteriaceae	Nitrosomonadales	Betaproteobacteria	Proteobacteria	Bacteria	family	N3869	4234150.379465446	66.42613211213332	3852.0461321121334	91.39359768249672	1.3794654454666666
txid2008794	1.7109519977432126	0.5901005942226165	0.4109845223088027	3.1718580992224807	Zoogloeaceae	Rhodocyclales	Betaproteobacteria	Proteobacteria	Bacteria	family	N4963	4272851.293088263	66.71108826284	3926.4930882628405	90.99743442863371	2.4930882628399997
txid2008795	1.7523422209320547	0.5598759161172536	0.38353741972930777	3.082198350976752	Azonexaceae	Rhodocyclales	Betaproteobacteria	Proteobacteria	Bacteria	family	N4232	3823170.3925622604	61.68922892726667	3614.7258955939337	92.79428948543189	2.7258955939333336
txid2024974	3.6	0.6	0.9613273519984769	6.785840131753952	Silvanigrellaceae	Silvanigrellales	Oligoflexia	Proteobacteria	Bacteria	family	G001907975	3506707.0	32.83	3069.0	90.28513075087255	5.0
txid2036754	2.038139506466206	0.6984999382868791	0.6878232482419141	4.472497969053626	Chelatococcaceae	Hyphomicrobiales	Alphaproteobacteria	Proteobacteria	Bacteria	family	G001418005	4373820.0	67.77	4169.0	90.03511804326651	1.0
txid2038695	14.142135623730955	0.23237900077244503	0.5965040159238407	10.324326977181858	Williamwhitmaniaceae	Bacteroidales	Bacteroidia	Bacteroidetes	Bacteria	family	G900096565	4154490.0	42.65	3674.0	87.47297502220489	1.0
txid2042895	4.194134774484345	0.986912527703338	2.953291365699872	13.003819018755937	Gottschalkiaceae	Tissierellales	Tissierellia	Firmicutes	Bacteria	family	N3345	3208733.504457272	30.567790605466666	3103.1711239388	84.60769663797916	2.8377906054666666
txid2048906	1.3739926952885424	0.7415585502134682	0.4866602805016802	3.2009562861448817	Pyrinomonadaceae	Blastocatellales	Blastocatellia	Acidobacteria	Bacteria	family	G000820845	3788560.0	59.37	3189.0	88.4981628903858	1.0
txid2066474	2.5676958617142382	0.5676861584278927	0.5959342352921732	4.5793280793864986	Endozoicomonadaceae	Oceanospirillales	Gammaproteobacteria	Proteobacteria	Bacteria	family	N6275	5744638.161665425	46.1536654243	4980.161665424301	85.56668916669616	3.9616654243
txid2137278	2.715500064790335	0.9898464007679532	1.8247953932383496	8.444374749535296	Salinarimonadaceae	Hyphomicrobiales	Alphaproteobacteria	Proteobacteria	Bacteria	family	G000429045	5245321.0	71.78	4887.0	89.92625999438357	1.0
txid2202724	0.4472135954999579	0.4472135954999579	0.046832098206938184	0.6283185307179586	Methanonatronarchaeaceae	Methanonatronarchaeales	Methanonatronarchaeia	Euryarchaeota	Archaea	family	G001914405	2141311.0	35.38	2076.0	73.84420105253278	1.0
txid2448023	1.0596985021248149	0.5774001751457727	0.22451341773477448	1.922246613400157	Ilumatobacteraceae	Acidimicrobiales	Acidimicrobiia	Actinobacteria	Bacteria	family	N2661	3670106.1814801334	63.56148013359999	3443.514813466934	93.88627793400768	1.1814801336
txid2689614	0.61	0.3872983346207417	0.056654761915965475	0.742207497703171	Steroidobacteraceae	Nevskiales	Gammaproteobacteria	Proteobacteria	Bacteria	family	G001579945	3467246.0	61.66	3088.0	89.40767398678952	1.0
txid2690195	1.25	0.75	0.4417864669110647	2.9452431127404317	Elioraeaceae	Rhodospirillales	Alphaproteobacteria	Proteobacteria	Bacteria	family	G000378465	4304237.0	71.31	4132.0	93.40122302744946	1.0
txid2691357	1.5431889840792925	1.205071132087615	1.273951306813532	5.842270619882081	Pirellulaceae	Pirellulales	Planctomycetia	Planctomycetes	Bacteria	family	N3414	7334255.725195959	56.17394595966249	5750.225195959663	88.42675992456564	1.3501959596625002
txid2726069	2.5	0.3499999999999999	0.22930353878857995	2.7488935718910685	Kribbellaceae	Propionibacteriales	Actinomycetia	Actinobacteria	Bacteria	family	N4356	8603649.03433723	69.06933722939999	8025.534337229399	90.11463131116503	1.5343372294
txid2762276	2.208854180381126	0.4959510838026033	0.3947068761059056	3.4415633075543357	Cesiribacteraceae	Cytophagales	Cytophagia	Bacteroidetes	Bacteria	family	N8485	4782772.113243083	50.2482430826	4224.1132430826	87.38283112633766	1.1132430826
txid2762286	4.085701245484465	0.32204615963191496	0.32341419737827554	4.133658590647341	Fulvivirgaceae	Cytophagales	Cytophagia	Bacteroidetes	Bacteria	family	N8132	6820362.425160513	45.88516051305	5872.17516051305	89.79959792033702	1.42516051305
txid2762301	6.519202405202647	0.4898979485566356	1.1980595070830882	10.033442325100166	Marivirgaceae	Cytophagales	Cytophagia	Bacteroidetes	Bacteria	family	G001683905	3599540.0	41.56	3225.0	88.07175361296166	0.0
txid2762306	2.317751958192944	0.5370753336930321	0.4805030827668599	3.9106778029677898	Roseivirgaceae	Cytophagales	Cytophagia	Bacteroidetes	Bacteria	family	N8133	4439959.1179706855	40.29397068568	3869.417970685679	91.76880861983355	1.61797068568
txid2762318	1.6573888523567248	0.6174081249498495	0.4300774664479813	3.2147457181254757	Weeksellaceae	Flavobacteriales	Flavobacteriia	Bacteroidetes	Bacteria	family	N6553	3799155.7234383896	36.61052172372084	3527.2234383903874	89.17082823979301	1.8692717237208332
txid2770092	3.872983346207418	0.6928203230275509	1.3730179538672578	8.429777677248872	Tepidanaerobacteraceae	Thermosediminibacterales	Clostridia	Firmicutes	Bacteria	family	N1326	2448930.637771067	39.462771067225006	2396.387771067225	89.23830503635824	1.6377710672249999
txid2770093	5.449770637375486	0.7549834435270749	2.326987309085119	12.926040882886056	Thermosediminibacteraceae	Thermosediminibacterales	Clostridia	Firmicutes	Bacteria	family	N1327	2316652.6371088764	43.6396088766	2350.8871088766	89.93217422845163	1.3871088766000002
txid2771471	1.8271550218268915	0.5676424273608829	0.4141280813240729	3.2583678885662577	Thiovulaceae	Campylobacterales	Epsilonproteobacteria	Proteobacteria	Bacteria	family	N3108	2039041.7503780876	39.24644951658929	2209.6432352308752	94.28157150220912	1.0360923737321428
txid2771472	1.1683854606559323	0.482738076413613	0.1815282920383174	1.7719341254170566	Sulfurovaceae	Campylobacterales	Epsilonproteobacteria	Proteobacteria	Bacteria	family	N3458	2027038.1940426512	42.62404265125	2046.360709317917	91.54527815777584	1.69404265125
txid2772226	1.9159073987593076	0.5352699788576486	0.3895081627202315	3.2217903286703824	Sulfuricellaceae	Nitrosomonadales	Betaproteobacteria	Proteobacteria	Bacteria	family	G000297055	3217213.0	56.12	3085.0	91.1751257998771	2.0
txid2791015	0.8485281374238571	0.8485281374238571	0.31988757154740244	2.261946710584652	Sphaerochaetaceae	Spirochaetales	Spirochaetia	Spirochaetes	Bacteria	family	N598	2422298.411720382	51.84872038213	2244.9117203821297	91.89644499545236	1.51172038213
txid2795691	2.5	0.8	1.1225957748827529	6.2831853071795845	Nitratiruptoraceae	Nautiliales	Epsilonproteobacteria	Proteobacteria	Bacteria	family	G000010325	1877931.0	39.69	1933.0	95.76102636358843	3.0
txid2800061	1.45790975373591	0.5296085762045866	0.2781025213580033	2.4256912600730067	Maricaulaceae	Maricaulales	Alphaproteobacteria	Proteobacteria	Bacteria	family	N6616	3122044.3951478302	62.13514783025	2950.561814496916	91.24672987588106	1.5618144969166667
txid2800062	2.5178484778533043	0.4733539671388886	0.4120295751763954	3.7442555741366887	Robiginitomaculaceae	Maricaulales	Alphaproteobacteria	Proteobacteria	Bacteria	family	N6615	2989147.11826515	50.5482651503	2842.1182651503	92.1693957000513	1.1182651503
txid2805416	1.0969613104865237	0.5095338115302607	0.18864021305099124	1.7559582717789022	Jatrophihabitantaceae	Jatrophihabitantales	Actinomycetia	Actinobacteria	Bacteria	family	G900129455	4480046.0	72.94	4211.0	93.04016074834944	1.0
txid2805586	2.0	0.7071067811865476	0.6928381021858159	4.442882938158366	Lawsonellaceae	Corynebacteriales	Actinomycetia	Actinobacteria	Bacteria	family	N4706	1887852.502216015	58.60221601515	1615.50221601515	89.26855349408001	2.00221601515
txid2805590	1.3164574432993692	0.7503701876218076	0.458016850629904	3.1033607864579613	Ornithinimicrobiaceae	Micrococcales	Actinomycetia	Actinobacteria	Bacteria	family	N4363	3561016.424404282	72.46440428236666	3333.7577376157	92.04832716566916	1.0910709490333332
txid2808963	1.6708669821557458	0.35908801175148336	0.15605250098950788	1.8849188434476631	Arcobacteraceae	Campylobacterales	Epsilonproteobacteria	Proteobacteria	Bacteria	family	N2481	2711580.770729237	28.3019792368375	2733.0207292368377	92.66900660294434	4.8957292368375
txid2810280	4.4721359549995805	0.8366600265340756	2.3053591979444046	11.754763358538995	Coprobacillaceae	Erysipelotrichales	Erysipelotrichia	Firmicutes	Bacteria	family	N4098	2424722.505401305	35.14897273291428	2431.0768298757716	89.74106152107497	1.8625441614857141
txid2811504	3.3503689588345082	0.34641016151377546	0.3043242053006995	3.6461382524904526	Thermodesulfovibrionaceae	Thermodesulfovibrionales	Thermodesulfovibrionia	Nitrospirae	Bacteria	family	N2804	2037236.5677411947	46.10867869484689	2155.1614911948473	91.71003211712771	0.5989911948468749
txid2813035	1.799836318508926	0.4576583936304456	0.27038917199761386	2.587761907749619	Parvibaculaceae	Hyphomicrobiales	Alphaproteobacteria	Proteobacteria	Bacteria	family	N5756	3657653.1652831356	59.595283135625	3516.165283135625	90.57059336743174	1.165283135625
txid2813951	2.449489742783178	0.4605779351596907	0.3821152145150066	3.5442849150921805	Terasakiellaceae	Rhodospirillales	Alphaproteobacteria	Proteobacteria	Bacteria	family	N5743	3440895.8154957606	53.79349576062	3332.8154957606203	91.32796387174936	1.21549576062
txid2820280	1.4462310844065378	0.4975600643115583	0.2463109757372609	2.2606487030415563	Sphingosinicellaceae	Sphingomonadales	Alphaproteobacteria	Proteobacteria	Bacteria	family	N4943	3065108.770909187	66.25757585343334	2949.1042425201	92.14282182651927	1.1042425201
txid2821832	2.3195813794033766	0.6358755033919165	0.6542881910150508	4.633739136945938	Stappiaceae	Hyphomicrobiales	Alphaproteobacteria	Proteobacteria	Bacteria	family	N9561	5437898.726350634	56.30206491919999	5081.654922062057	87.99578075278203	2.7977792049142853
txid2829802	1.4142135623730951	0.6	0.3433107966696367	2.66572976289502	Afifellaceae	Hyphomicrobiales	Alphaproteobacteria	Proteobacteria	Bacteria	family	G000688515	3872586.0	66.61	3738.0	90.1251256912048	1.0
txid2829814	2.6363999399738822	0.7298920475286468	0.9967924138440564	6.045327003072924	Ahrensiaceae	Hyphomicrobiales	Alphaproteobacteria	Proteobacteria	Bacteria	family	N9564	3403918.358455516	48.79512218243334	3314.0251221824333	90.98948881930819	1.3584555157666667
txid2829815	2.4001613038683893	1.0498240881161711	1.7626408879833375	7.916019142146476	Azospirillaceae	Rhodospirillales	Alphaproteobacteria	Proteobacteria	Bacteria	family	N7416	6539012.527838979	67.32783897927273	5948.709657161091	88.83006439581173	3.2551117065454545
txid2831100	1.4623030104195855	0.7162059168194657	0.4885439166040525	3.2902216164304483	Boseaceae	Hyphomicrobiales	Alphaproteobacteria	Proteobacteria	Bacteria	family	N8876	5603641.584951336	66.673701335	5402.959951335	88.90911862130959	1.084951335
txid2831106	1.5631406876105276	0.5317176079543567	0.3034291374379962	2.6111329348799943	Devosiaceae	Hyphomicrobiales	Alphaproteobacteria	Proteobacteria	Bacteria	family	N7446	4256913.272736006	62.14273600693572	4165.487021721222	89.96630306230485	1.5584502926500003
txid2831111	1.2362012520314716	0.6639323383345912	0.3495494040556078	2.5784746988332756	Kaistiaceae	Hyphomicrobiales	Alphaproteobacteria	Proteobacteria	Bacteria	family	N8582	4899952.800060356	66.4067270225	4574.133393689167	89.34819039473098	0.8000603558333333
txid2843308	1.69326846915465	0.6951391928863665	0.5305505670981027	3.697834494240212	Pleomorphomonadaceae	Hyphomicrobiales	Alphaproteobacteria	Proteobacteria	Bacteria	family	N9375	4743932.47696479	66.51696478996666	4599.8102981233	87.32743576096169	0.8102981233
txid2844374	2.0	0.2	0.060737457969402685	1.2566370614359172	Pseudoxanthobacteraceae	Hyphomicrobiales	Alphaproteobacteria	Proteobacteria	Bacteria	family	G900148505	5165242.0	67.84	4336.0	86.70226874171625	1.0
txid2844375	2.821496351946132	0.7296897837293361	1.055509371732295	6.467964559718175	Reyranellaceae	Hyphomicrobiales	Alphaproteobacteria	Proteobacteria	Bacteria	family	G000312425	5792259.0	64.87	5687.0	92.95632325833496	1.0
txid2844403	1.8444694050495636	0.4135532780245741	0.2257325890557265	2.3963640520855622	Rhodovibrionaceae	Hyphomicrobiales	Alphaproteobacteria	Proteobacteria	Bacteria	family	N5746	3635477.861584652	65.56158465236666	3367.5282513190336	89.16563845883347	1.8615846523666668
txid2844863	1.1561879799326678	0.6028466791535206	0.2712585692626911	2.1897029103807952	Tepidamorphaceae	Hyphomicrobiales	Alphaproteobacteria	Proteobacteria	Bacteria	family	G000496075	4300776.0	68.58	4081.0	90.6477575209683	1.0
txid2844864	2.268408245617461	0.7945950995086098	0.9909216400839208	5.6626141816149005	Thalassobaculaceae	Rhodospirillales	Alphaproteobacteria	Proteobacteria	Bacteria	family	N6187	3794431.265728341	54.7923950071	3378.2657283404333	79.63394090377282	1.5990616737666665
txid2844866	1.9799407411777512	0.498628596617704	0.35067535810594946	3.101553285057701	Thalassospiraceae	Rhodospirillales	Alphaproteobacteria	Proteobacteria	Bacteria	family	N5742	4541442.550341126	54.275341124975	4183.300341124976	88.81217478519486	1.550341124975
txid2845253	6.8314839471609226	0.3018396754478018	0.4781865923027689	6.478004570198372	Treponemataceae	Spirochaetales	Spirochaetia	Spirochaetes	Bacteria	family	N770	2795826.2695178953	48.80237503828572	2598.4409464668583	90.45481758860397	1.6980893240000001
txid2848916	6.5270833308823	0.40743378352199533	0.8307801042171797	8.354607796658959	Thermohalobacteraceae	Eubacteriales	Clostridia	Firmicutes	Bacteria	family	N3346	2681151.170360447	30.365360446675002	2645.420360446675	88.0374179849765	0.920360446675
txid2854170	1.8932384874932782	0.6641034210980072	0.5684124280229139	3.9499437845695433	Roseobacteraceae	Rhodobacterales	Alphaproteobacteria	Proteobacteria	Bacteria	family	N6614	4062522.125608002	60.598917354000726	3979.5212914547205	90.42729456925542	1.8594209511230215
txid2867375	3.499635511580583	0.9486832980505138	2.229231657324213	10.430231366373539	Desulfallaceae	Eubacteriales	Clostridia	Firmicutes	Bacteria	family	N4019	4513971.453760377	46.167093710833335	4403.787093710834	85.27842542177497	2.7870937108333336
txid2886822	2.5982856614909817	0.6213819601456626	0.7181871983609136	5.072188792852684	Desulfocapsaceae	Desulfobacterales	Deltaproteobacteria	Proteobacteria	Bacteria	family	N4559	4159477.6138222096	48.1350722096375	3823.363822209638	87.5930000076344	1.9888222096375001
txid2887331	1.0962050496435345	0.5957892135528948	0.24947792103091204	2.051796606916357	Perlucidibacaceae	Pseudomonadales	Gammaproteobacteria	Proteobacteria	Bacteria	family	G000420045	2424065.0	64.91	2324.0	93.0320350320639	1.0
txid2887365	2.1068078275054933	0.5766790182260799	0.4961151474602045	3.816883867865104	Marinobacteraceae	Pseudomonadales	Gammaproteobacteria	Proteobacteria	Bacteria	family	N7130	4081285.7948038783	56.91605387808124	3988.294803878081	91.0570535142256	1.6073038780812499
