N1	4.75980768810962	-184.915449724592	194.435065100811
N5	3.48975152635293	-163.600995298449	170.580498351155
N18	3.17678971484948	-159.122721396566	165.476300826265
N51	2.79809111320727	-154.3275008936	159.923683120014
N79	2.81738357977793	-154.73764870414	160.372415863696
N119	2.8680403798152	-151.857914274921	157.593995034551
N180	3.85433081710378	-148.764381058196	156.473042692404
N265	4.45094845764174	-134.266231330614	143.168128245898
N372	13.4314848757271	-96.5560482581011	123.419018009555
N373	3.26614861485164	-116.551627408877	123.083924638581
N502	2.87357657961027	-112.21605088505	117.963204044271
N657	2.34501353192624	-106.285834801337	110.97586186519
N829	1.56751640548474	-135.313161867449	138.448194678418
N827	2.95138900196071	-143.065014870657	148.967792874578
N655	2.52851362304935	-120.428675170249	125.485702416348
N826	2.26494623745994	-117.242103021883	121.771995496803
N1008	2.16760907235804	-123.883382355037	128.218600499753
N371	1.34175640530911	-146.884104977041	149.56761778766
N267	2.68429618390523	-158.128836497942	163.497428865753
N505	2.57302155134969	-163.387360291934	168.533403394634
N659	3.27857854382806	-170.068130490893	176.625287578549
N834	1.74652655100151	-152.263160756892	155.756213858896
N1208	1.33902718125928	-125.396537302812	128.07459166533
N1424	1.15589936836293	-112.264858187879	114.576656924605
N2233	1.02023979431995	-87.3619071063105	89.4023866949504
N1425	1.27604463285259	-132.474118111384	135.02620737709
N1941	1.07474374205706	-77.0912776919275	79.2407651760416
N1209	1.71981231820672	-135.359282858132	138.798907494546
N2238	1.59905802117307	-98.2479149634504	101.446031005797
N117	2.0246265692532	-111.47123284625	115.520485984756
N176	1.81491444385748	-114.249435334064	117.879264221779
N260	1.69272305799316	-115.063954327132	118.449400443118
N177	2.20968056260736	-92.498544425463	96.9179055506778
N367	2.38030562975474	-114.279424686693	119.040035946202
N647	2.89933921038833	-125.685365111571	131.484043532347
N1417	2.13404171266669	-93.1683194370078	97.4364028623412
N368	2.42246474168168	-101.051040829984	105.895970313348
N495	2.73444314326339	-107.816718854591	113.285605141117
N649	2.95906684388502	-109.831947419021	115.750081106791
N822	3.19544649032538	-116.797897487888	123.188790468538
N1198	2.9927326741207	-111.140317939977	117.125783288219
N1664	3.20549592143187	-106.908441840796	113.31943368366
N1936	3.60036220046086	-104.068529710792	111.269254111714
N2232	3.27027586577937	-105.10537138639	111.645923117949
N2856	2.92218055428137	-104.804779464521	110.649140573084
N366	1.96857620984426	-97.7787196094632	101.715872029152
N491	1.9946105707293	-104.65832393849	108.647545079949
N643	2.22602376690414	-114.929098861907	119.381146395716
N1000	2.3756267764893	-119.043818870107	123.795072423086
N1416	3.20413644986001	-99.6940822202263	106.102355119946
N641	1.76914700397375	-115.254848472855	118.793142480802
N112	2.73092912058406	-182.590764813114	188.052623054283
N169	1.56079504132061	-144.738205355138	147.859795437779
N251	1.39373255764162	-124.412614476711	127.200079591995
N354	1.30063683042574	-93.0423977152662	95.6436713761177
N474	1.27352726672896	-87.9504484007646	90.4975029342225
N170	3.16569756427054	-143.716171954987	150.047567083528
N253	3.66181763603019	-112.395211598842	119.718846870902
N357	4.6919220573096	-112.874243461375	122.258087575995
N477	4.25946884031503	-93.5118691519988	102.030806832629
N628	4.35401443698597	-77.0238005530015	85.7318294269734
N358	3.34457691950928	-81.014156243055	87.7033100820735
N478	2.35312790023042	-146.291216324704	150.997472125165
N631	4.21239720921182	-130.609572073251	139.034366491675
N16	3.32184339316219	-184.922529810953	191.566216597277
N28	3.34931802470726	-195.92671742462	202.625353474034
N250	4.19475033747608	-173.188725196947	181.578225871899
N471	6.08019624154431	-193.303199023763	205.463591506852
N621	6.00146557970474	-144.321398963912	156.324330123321
N979	6.77747985111665	-121.546120872646	135.101080574879
N980	6.2793752832618	-136.632588104225	149.191338670749
N795	7.63502369382469	-183.838001356616	199.108048744265
N472	2.7759670670066	-161.77278422509	167.324718359104
N623	2.29853722078469	-151.452660435949	156.049734877518
N798	2.06347298688145	-150.830813687726	154.957759661489
N1175	1.49626245112554	-172.997321002081	175.989845904332
N1400	1.84716070203977	-116.527057854621	120.2213792587
N1401	1.12812045827073	-165.338949601206	167.595190517747
N1647	0.952834174985407	-162.817135795831	164.722804145802
N1402	1.71598854707328	-173.593697277619	177.025674371766
N1648	1.3950470963162	-172.826767608216	175.616861800849
N1921	1.05836957434918	-148.72549265792	150.842231806618
N2213	0.921396212200522	-124.127373656341	125.970166080742
N624	1.57593910134241	-173.377953676659	176.529831879344
N984	1.41000858212011	-182.483394092464	185.303411256704
N7	6.00030910767679	-110.118338235159	122.118956450513
N13	6.24057849278058	-135.317374017992	147.798531003553
N22	5.65830695534183	-154.697939391172	166.014553301855
N37	3.97676881513519	-164.174942588777	172.128480219048
N61	3.70776944171243	-152.20363064967	159.619169533095
N92	3.6216803890502	-146.316300662847	153.559661440948
N139	2.54639311350195	-159.356604208706	164.44939043571
N140	4.58109300386195	-149.584570134054	158.746756141778
N141	3.29198781489348	-162.846929450971	169.430905080758
N35	13.9562695519274	-69.2104939822774	97.1230330861322
N14	6.08598394796431	-90.2243099515352	102.396277847464
N39	6.25619339248378	-89.437874213528	101.950260998496
N225	8.5470328859318	-107.628036295145	124.722102067008
N319	7.85365676703518	-115.020442102426	130.727755636496
N433	3.26835843652485	-115.546676070084	122.083392943134
N578	2.53544215258651	-90.0352007127423	95.1060850179153
N919	2.05405739953161	-135.95721256722	140.065327366283
N1310	1.79712582531238	-107.329553014746	110.92380466537
N1542	1.69925769125692	-93.5614014848861	96.9599168673999
N738	3.48467837022654	-119.541640195119	126.510996935572
N1101	3.38782549587449	-110.096071186016	116.871722177765
N743	6.10815701193479	-142.828965850935	155.045279874804
N1107	2.50413003105379	-158.933226496652	163.94148655876
N1312	1.66954601615216	-125.362923368359	128.702015400663
N1544	1.38558635142678	-123.386723112044	126.157895814898
N1794	1.20349599445952	-127.890656235069	130.297648223988
N1545	1.51244445259615	-132.608647118781	135.633536023974
N2069	1.48515626188193	-132.387800614321	135.358113138084
N2957	0.942325645310565	-104.450810143997	106.335461434618
N1313	1.9460146647379	-166.569188513613	170.461217843088
N1799	1.69029855137798	-165.139979190635	168.520576293391
N1316	3.60324720793738	-158.813501508648	166.019995924523
N1550	2.71815593533505	-184.926844082606	190.363155953277
N2375	1.60289625816845	-189.919251639923	193.12504415626
N1551	3.11334543010438	-159.871394383793	166.098085244002
N2081	1.93467491785967	-97.9051520840951	101.774501919814
N2380	1.9344952924488	-90.4531475665826	94.3221381514802
N2667	1.9955323197102	-90.6075183937011	94.5985830331215
N2978	2.26605632632748	-94.1965018616814	98.7286145143364
N3313	1.94088954341394	-89.8624107502294	93.7441898370573
N3657	1.58607372359888	-90.6898301265788	93.8619775737765
N4006	1.46145473760986	-138.76388163763	141.68679111285
N4007	1.62349065022935	-82.6351133477266	85.8820946481853
N3658	1.75343691053407	-92.2023026897325	95.7091765108006
N4008	1.41656443996022	-97.7852797690487	100.618408648969
N4361	1.05821097081418	-97.5788439138805	99.6952658555088
N4362	1.24171682713471	-100.98564735439	103.469081008659
N4720	1.02617039150554	-85.8002284800442	87.8525692630552
N6382	0.889572893891833	-122.414114523561	124.193260311345
N3656	1.59671471675605	-93.6911628031467	96.8845922366588
N4004	1.25878385989409	-119.193657627442	121.71122534723
N4710	0.884013704065142	-92.7650778079089	94.5331052160392
N5079	1.38827189584757	-116.763249910374	119.539793702069
N5486	1.44425104797581	-114.463044507783	117.351546603735
N5925	1.27119828729098	-120.379973700203	122.922370274785
N5926	1.77847463859251	-130.543689658196	134.100638935381
N6367	2.27763850768166	-135.62611237618	140.181389391543
N5924	1.2155618318742	-91.2285977818308	93.6597214455792
N4005	1.63937412925192	-92.1949990723579	95.4737473308617
N4357	1.53378245608933	-79.773064744035	82.8406296562137
N4714	1.50989400469077	-34.5589055191783	37.5786935285599
N5082	2.02256385109012	-91.6321365386126	95.6772642407928
N5491	2.26801147073617	-102.486014438344	107.022037379816
N2668	1.65390239702031	-91.7016872803157	95.0094920743564
N2979	1.53407709293718	-88.9378312053918	92.0059853912662
N3315	1.41727110739933	-92.6338106505472	95.4683528653459
N3660	1.5218408519336	-93.3976501889737	96.4413318928409
N4009	1.38993500704333	-120.682970017599	123.462840031686
N4363	1.20835286441106	-91.9247415641506	94.3414472929727
N4010	1.59799685585187	-85.5510670041535	88.7470607158573
N4365	1.61561842497546	-70.2607262051917	73.4919630551426
N4724	1.44301583935336	-110.886918550766	113.772950229473
N4725	2.08961163807523	-87.0307799812481	91.2100032573986
N5096	1.74404886255059	-94.3997977766568	97.8878955017579
N5507	1.2070753189947	-95.1713988456748	97.5855494836642
N5949	1.6993255667435	-106.681794245916	110.080445379403
N7618	1.75863017918608	-74.4093852732429	77.926645631615
N3659	1.42326857464548	-101.1385087253	103.985045874591
N2980	1.72078062031286	-90.8139250017131	94.2554862423388
N3316	1.51328215318941	-61.6537943298727	64.6803586362515
N3661	1.5415195990895	-65.9641163511975	69.0471555493765
N4012	1.30750805064077	-88.9688022089654	91.583818310247
N4368	1.13801443046074	-88.1695123154011	90.4455411763226
N4730	1.17469844974249	-101.539793399448	103.889190298933
N5100	1.18758578267217	-104.934789014729	107.309960580074
N4369	1.28810720767571	-86.8263003532746	89.402514768626
N4731	1.22273454500346	-76.8012408742793	79.2467099642862
N5102	0.993698876478231	-89.5295360983795	91.516933851336
N5513	0.849437930082319	-65.6651067726459	67.3639826328106
N5515	1.30456255333154	-79.6717643221696	82.2808894288326
N5954	1.25742101549849	-53.0136084117504	55.5284504427473
N6388	1.26363985076558	-83.4550934463453	85.9823731478764
N6816	1.23240864115917	-96.1476709132845	98.6124881956029
N7232	1.21335444035053	-90.3020307948718	92.7287396755728
N6386	1.55528212844467	-104.908053093043	108.018617349932
N6813	1.98287055910709	-64.1287633769941	68.0945044952082
N4367	2.32702150609379	-139.949869515466	144.603912527654
N4014	1.23322367533691	-92.2291483864012	94.695595737075
N4733	1.26768529603622	-86.6066814408677	89.1420520329401
N5104	0.961143972344031	-122.552008427096	124.474296371784
N5517	1.27031130564483	-73.6145553158349	76.1551779271246
N5955	1.28677645393204	-70.1953291384321	72.7688820462962
N6819	1.44134912097606	-44.4641703739595	47.3468686159116
N7236	1.34732281425536	-69.8061100636366	72.5007556921473
N7625	1.2268230099437	-96.2616660965215	98.7153121164089
N8395	1.03554219155119	-95.696485283613	97.7675696667154
N7626	1.34917686478418	-72.3336333516761	75.0319870812445
N8022	1.41569426490882	-76.7592812938199	79.5906698236376
N8729	1.56777368057884	-70.5679245281812	73.7034718893389
N9006	1.60144592548479	-68.289630330747	71.4925221817166
N9261	1.54192208330714	-76.6167605538248	79.7006047204391
N9007	1.64672387255589	-64.9540568805878	68.2475046256996
N9263	1.56605350246847	-57.3331783840687	60.4652853890056
N9264	1.74406317370544	-54.9884390010386	58.4765653484495
N9649	1.3107936178246	-56.7243932570225	59.3459804926717
N7624	1.13103672747369	-106.18347626398	108.445549718928
N8725	1.1704454182503	-92.5222508536182	94.8631416901188
N9002	1.20559125672277	-91.4925696723853	93.9037521858309
N9647	1.28789459546271	-85.7919285729845	88.3677177639099
N9797	1.37612387166446	-81.9482238158002	84.7004715591291
N3317	1.83046005687715	-93.5157428808175	97.1766629945718
N3663	1.32572617331021	-108.48618131731	111.137633663931
N4015	1.18922684976717	-90.8171754227821	93.1956291223164
N4372	1.04986922675293	-63.2908899801451	65.3906284336509
N4373	1.32745601730195	-97.9803655683877	100.635277602992
N4734	1.41955538379341	-103.335020744233	106.17413151182
N3664	2.03356742438139	-91.1491938807083	95.2163287294711
N4016	2.14112466435324	-84.4160913451131	88.6983406738195
N4375	2.35254783354218	-82.8377670843268	87.5428627514112
N4736	2.67456983027538	-51.35901365444	56.7081533149908
N5108	3.86031991550273	-71.7482675135266	79.4689073445321
N5519	8.74898509290921	-95.3291821294975	112.827152315316
N5957	2.20982779542592	-79.1081185349477	83.5277741257996
N6392	1.92837411724343	-76.0028942962249	79.8596425307117
N6820	1.50967184496992	-72.9286127245566	75.9479564144964
N6821	1.31912015074181	-69.8296205695727	72.4678608710563
N7237	1.32652260788618	-64.4307375152623	67.0837827310346
N7627	1.22269439466561	-80.1611221573089	82.6065109466401
N5109	2.49029904803858	-83.6228736950104	88.6034717910876
N5522	2.41645127494315	-98.0803142118298	102.913216761716
N5958	2.28178698749065	-104.166459567682	108.730033542663
N4017	2.31264897407572	-101.880801384493	106.506099332644
N4376	1.95942535113591	-152.82727936354	156.746130065812
N4737	1.93228628248551	-126.941920109424	130.806492674395
N5111	2.25098467424666	-95.6371661498968	100.13913549839
N5526	2.60193453538191	-77.1643831958601	82.3682522666239
N5964	2.56313507517127	-76.3774712409223	81.5037413912649
N6399	2.39864977545389	-79.6295034554545	84.4268030063623
N6826	2.19218449021964	-84.6088852261846	88.9932542066238
N7240	2.09533213353203	-89.3242550555294	93.5149193225935
N6828	3.26979756585711	-82.4784382233836	89.0180333550979
N7241	4.78413542930044	-99.3795612031122	108.947832061713
N7242	3.20109209187743	-82.5438840001811	88.946068183936
N7631	3.31549074675738	-89.1117788057665	95.7427602992812
N4377	1.99129004333745	-123.569470395321	127.552050481996
N4739	1.91732760972998	-124.531887330547	128.366542550007
N5114	1.87311873355304	-124.679520559801	128.425758026907
N5531	1.78057632881754	-125.693652210677	129.254804868312
N8032	1.91965036097964	-142.968372810038	146.807673531998
N5112	1.78434687675319	-155.798819526475	159.367513279982
N2666	1.60536078949285	-95.1763314930911	98.3870530720768
N2975	1.52722733644018	-97.0463907192376	100.100845392118
N3307	1.4498449311954	-93.371474829006	96.2711646913968
N3650	1.23013675097612	-105.487433681682	107.947707183634
N3651	1.64424433002288	-91.845500449296	95.1339891093417
N4344	1.54260941539159	-81.969619162278	85.0548379930612
N3652	1.2606294215221	-129.080051432181	131.601310275225
N3999	1.23045927959194	-130.44929877923	132.910217338414
N2976	1.50778863664216	-95.4352271696676	98.4508044429519
N3310	1.51453730130801	-99.5283290516072	102.557403654223
N3653	1.47893181719265	-100.634959038569	103.592822672955
N4000	1.46653317214386	-107.679424463886	110.612490808174
N4001	1.45772848605185	-105.426832980089	108.342289952193
N4349	1.44945824853052	-102.084055378989	104.98297187605
N4704	1.46467054628657	-104.690050383418	107.619391475991
N6345	1.61226797880932	-115.863832603988	119.088368561607
N5912	1.4048076529529	-97.5122821670939	100.321897473
N3654	1.62266710899047	-99.6514329354745	102.896767153455
N4002	1.70185084059122	-105.933549577463	109.337251258645
N4351	1.81644168218007	-82.5330101230328	86.165893487393
N5073	2.05954750871267	-127.781393823641	131.900488841067
N6354	1.97950904889228	-109.218310677361	113.177328775145
N6780	1.92505349060436	-105.653866575383	109.503973556591
N7196	1.85246935242456	-107.923298902813	111.628237607662
N7981	1.54453220100123	-110.061785213661	113.150849615663
N8357	1.42487542624382	-109.711944756831	112.561695609318
N8694	1.35709932998064	-110.397089957726	113.111288617687
N7588	2.17729216868503	-105.813132495273	110.167716832643
N4003	1.61403281262123	-93.9793647874999	97.2074304127423
N4352	1.25450075389638	-90.8975073520553	93.406508859848
N4353	1.63423736021266	-84.1343503915269	87.4028251119522
N4708	1.81368576721656	-83.9119263228739	87.539297857307
N5075	1.94127830717017	-51.8222938087814	55.7048504231217
N5480	2.04452981868646	-49.4074338447505	53.4964934821234
N5918	2.32112801269793	-76.6116324021983	81.2538884275942
N6785	2.41717654501392	-94.8732228027709	99.7075758927988
N4709	1.61407929007941	-79.9222562189223	83.1504147990811
N5076	1.78870237005987	-80.7867986426135	84.3642033827333
N5483	1.51776963697933	-66.7674424805995	69.8029817545582
N5921	1.50959724169423	-83.1929283914295	86.212122874818
N5922	1.33480790870947	-88.986929322862	91.6565451402809
N6364	1.26919880452298	-91.1147623017912	93.6531599108372
N7995	1.1407805402088	-99.9081549751176	102.189716055535
N5077	1.51584452163567	-84.8605682340822	87.8922572773536
N6365	1.43025634544131	-83.7547422187047	86.6152549095874
N6795	1.27005203341877	-82.5902607392391	85.1303648060766
N7213	1.18307552941903	-71.2476979223035	73.6138489811415
N8373	1.18298388754981	-81.5489758567532	83.9149436318528
N8710	1.18924815372018	-79.2104539560969	81.5889502635372
N9244	1.14530007363733	-79.5758432703785	81.8664434176532
N9792	1.00572445142027	-64.5840877279576	66.5955366307982
N432	11.3229329073714	-119.684506453595	142.330372268338
N916	19.5538341182098	-123.020982075835	162.128650312255
N1099	25.5400796607875	-122.658592196951	173.738751518526
N1303	22.1274792951091	-141.534354444753	185.789313034972
N1534	51.4476841825312	-124.058197459043	226.953565824105
N3628	89.9223822244334	-60.1192455019	239.964009950767
N3980	91.7623485291885	-51.7396645557851	235.264361614162
N4686	94.2485791371023	-48.0137576563926	236.510915930597
N3985	1.93709178309172	-116.877298387732	120.751481953915
N226	5.27662445717354	-107.294685196678	117.847934111025
N321	4.91381967078221	-92.7350601329274	102.562699474492
N437	5.0029597259982	-152.385006347941	162.390925799937
N586	4.58716047706051	-103.919043775777	113.093364729898
N752	4.64336146069251	-116.068898005301	125.355620926686
N931	2.45445738256834	-127.422066735594	132.330981500731
N1115	1.98685002111454	-119.436166600852	123.409866643081
N1558	1.28294413385609	-151.764273516371	154.330161784083
N932	5.09463865799764	-113.499144015471	123.688421331466
N1116	4.13829752146722	-138.995381672237	147.271976715171
N1323	2.91491790129726	-154.417495043226	160.247330845821
N1117	6.59959107093613	-111.71063735598	124.909819497853
N1565	5.26087330241823	-121.160287208293	131.68203381313
N1821	4.97009911707904	-123.080103500897	133.020301735055
N2389	4.46176804133786	-64.497661761457	73.4211978441328
N1566	6.50098516465476	-150.037617864513	163.039588193823
N930	4.25748118616328	-113.532230276814	122.04719264914
N1113	4.12532538001788	-114.554162668747	122.804813428783
N1319	4.01653711638043	-113.280414128154	121.313488360915
N1555	3.83428004301818	-113.088189832799	120.756749918835
N1809	3.72547042582189	-114.306370953756	121.7573118054
N2382	3.86396357664599	-111.20189048655	118.929817639842
N2671	3.93264975471088	-97.2638984818909	105.129197991313
N2983	4.14547390158523	-92.1199158071873	100.410863610358
N3319	6.25570169035842	-102.081223806494	114.592627187211
N2984	3.8743502729228	-102.005744525009	109.754445070855
N3320	3.84381879068226	-107.688267164269	115.375904745634
N3666	3.90483354269287	-120.29718602587	128.106853111256
N2986	4.36071588222367	-111.772392747669	120.493824512116
N587	4.86545368975053	-94.6209107106049	104.351818090106
N753	5.2539238204895	-108.181519046995	118.689366687974
N934	5.72632407415021	-101.018610829291	112.471258977592
N1119	6.09678813914053	-109.655189886117	121.848766164398
N1329	6.41742695031396	-111.166085500695	124.000939401323
N1571	7.59255341272072	-131.030464008474	146.215570833915
N1828	8.49864394065508	-104.156627572584	121.153915453894
N1572	6.48673018606243	-126.244386583825	139.21784695595
N2110	3.73042621628403	-97.9688721733022	105.42972460587
N1570	2.30922362119204	-77.619423446888	82.2378706892721
N1120	5.79976372690077	-96.2051661743457	107.804693628147
N1330	5.30603141145255	-95.7102793734542	106.322342196359
N1573	5.11673669295786	-103.767201922618	114.000675308534
N1832	4.53276653423117	-109.972397385086	119.037930453548
N2677	3.54174802408616	-123.014602632412	130.098098680584
N2398	3.97848854203967	-85.4236163987112	93.3805934827905
N2994	3.94019263910613	-120.584388339096	128.464773617309
N4392	3.93764230324621	-142.84396121254	150.719245819032
N1834	5.0172555212895	-100.765924153058	110.800435195637
N2116	5.12983241691898	-116.80371349111	127.063378324948
N2687	5.57208922743556	-111.645000299499	122.78917875437
N3003	6.85384740404233	-139.992042517049	153.699737325134
N3004	5.33776754256682	-100.74101178332	111.416546868454
N3345	4.39517529396053	-108.77504270288	117.565393290801
N2401	4.66184497821607	-102.873045965769	112.196735922201
N2684	4.4654121156049	-114.418471826892	123.349296058102
N2999	4.17256385783759	-119.681567959958	128.026695675633
N4038	3.75651827136253	-127.079129421992	134.592165964717
N2685	4.43117209868344	-120.846878075326	129.709222272693
N3001	4.28947680978131	-125.540475638327	134.11942925789
N3342	4.139648369743	-131.774464415987	140.053761155473
N3686	4.30166920499606	-154.345046134366	162.948384544358
N1331	6.79397940260169	-99.9078843390209	113.495843144224
N1576	7.46976453011529	-87.0208301676041	101.960359227835
N1838	14.3627198802582	-109.132338332744	137.857778093261
N2124	8.6702909365209	-151.260036126464	168.600617999505
N3715	6.36744457316235	-138.896587089613	151.631476235938
N4787	5.07953046804361	-162.912706345226	173.071767281313
N6015	3.42356275394689	-130.469581807424	137.316707315317
N2413	20.403488956862	-112.716905777617	153.523883691341
N2702	27.0612068379761	-111.563404223864	165.685817899817
N3017	56.3354935632966	-106.989416198376	219.660403324969
N3360	3.70937261042487	-46.6874538179544	54.1061990388041
N2409	5.71253747644453	-136.875541210469	148.300616163358
N3012	5.29960699343948	-123.831261234187	134.430475221066
N3354	5.51837160224727	-130.636968278017	141.673711482511
N2699	5.68391209728074	-141.890913109992	153.258737304553
N3014	4.66081207722911	-154.840099275663	164.161723430121
N4056	4.20762102283258	-165.839608656747	174.254850702412
N5549	3.76377634926893	-102.270815205633	109.798367904171
N3359	5.68306331805297	-159.655131503921	171.021258140027
N754	4.5867324494843	-100.146008363468	109.319473262437
N935	4.50578032128358	-112.589058959297	121.600619601864
N1121	4.39889488738435	-128.076713174695	136.874502949464
N936	3.78328213315065	-97.003954594809	104.57051886111
N1123	3.72739841160166	-93.6995481217554	101.154344944959
N1334	3.61041860369022	-86.7170478282745	93.9378850356549
N1843	3.85668523506417	-83.2713806895999	90.9847511597282
N2425	5.0125639145909	-75.2580793793406	85.2832072085224
N2721	3.944246488682	-105.306387104748	113.194880082112
N2722	4.04631422328085	-71.7706319030943	79.863260349656
N3043	3.62293302056481	-72.6804776591844	79.926343700314
N3393	3.46245990354295	-69.1527758272642	76.0776956343501
N3746	4.44140411161145	-103.182882854298	112.065691077521
N3394	3.03228928176968	-77.0838120669315	83.1483906304708
N3747	2.82417110027729	-85.6010521444393	91.2493943449939
N4103	2.60817928224747	-90.6533182080802	95.8696767725752
N4464	2.22226617977633	-87.0606795627038	91.5052119222564
N4820	2.23494335941206	-101.579634177074	106.049520895898
N3748	2.80617155383283	-66.8188012552369	72.4311443629025
N4104	2.62531915949369	-93.3562520053826	98.60689032437
N4465	2.82364957786985	-96.7377693607094	102.385068516449
N4821	2.75451053842173	-126.386876229153	131.895897305996
N4822	2.17589246182522	-96.4987321049022	100.850517028553
N5607	2.4035855803586	-88.8989866952929	93.7061578560101
N6045	2.500382929298	-88.5447460185136	93.5455118771096
N6046	2.35325079011313	-106.807182638332	111.513684218558
N4105	2.7947666007793	-88.095532085167	93.6850652867256
N5193	2.79117940911296	-102.402906594776	107.985265413002
N6050	3.21087929833866	-101.404852137345	107.826610734022
N3395	3.65703669824306	-76.5275591194099	83.841632515896
N3749	3.52123727571093	-88.911068476667	95.9535430280889
N4107	3.37488486677601	-79.654796971092	86.404566704644
N4469	3.17271678331195	-78.0326151503924	84.3780487170163
N4827	3.33549904364244	-92.4827419065196	99.1537399938045
N5195	3.36979736528275	-93.9204179259516	100.660012656517
N5611	3.28940603847607	-93.4365184487528	100.015330525705
N4828	3.13850668690213	-79.2079307785421	85.4849441523464
N5196	3.21117204622081	-49.5700106088939	55.9923547013356
N6466	2.91874580613139	-81.0138545473882	86.851346159651
N4470	3.3432783103554	-77.9998061376242	84.686362758335
N4829	3.17520197998671	-77.0205420735937	83.3709460335671
N5198	3.17112531633071	-81.8454830669893	88.1877336996507
N5616	3.21788801658161	-74.0471657284282	80.4829417615915
N6054	3.29695056672114	-89.5128284360462	96.1067295694885
N6467	2.83336829058179	-87.6579416799947	93.3246782611582
N6055	3.05492066709809	-80.4491216097118	86.558962943908
N6468	2.74635562758446	-74.4884359518561	79.981147207025
N6881	2.74622735638853	-85.403765653264	90.8962203660411
N6882	2.61616669066428	-83.7073307449057	88.9396641262343
N4830	3.84025703100252	-68.5208382163147	76.2013522783197
N5199	3.46182345957593	-89.2370429586185	96.1606898777704
N5200	3.15373804076775	-60.2779348715797	66.5854109531152
N5618	2.68691086969669	-61.110278504416	66.4841002438094
N6057	2.42830521377381	-84.9205852862861	89.7771957138337
N5619	2.75173588785082	-37.0547432737372	42.5582150494388
N6058	2.57058603055073	-76.3413605648555	81.482532625957
N4468	4.33454449212357	-97.0445022128058	105.713591197053
N4825	5.13391383241648	-79.2474533133877	89.5152809782206
N4826	3.7639552902319	-91.0092152441913	98.5371258246551
N4109	3.13379167942645	-70.6682801453407	76.9358635041936
N4471	2.84925640874722	-84.8751091741156	90.5736219916101
N4831	2.73125774364835	-88.7972219083672	94.2597373956639
N5202	2.40204699213176	-112.79258505954	117.596679043804
N4832	2.86218662964397	-81.2961908792002	87.0205641384882
N5203	2.58839861268439	-86.2353497035827	91.4121469289514
N5623	2.50225969078972	-95.7618835372097	100.766402918789
N5204	3.44902171940856	-80.7471096574359	87.6451530962531
N5624	3.92516738401936	-75.3934110757274	83.2437458437661
N5625	3.5086139553261	-67.6157682975902	74.6329962082424
N6067	3.24247441958254	-65.9680959717075	72.4530448108726
N6476	2.75566965132494	-78.7755960979438	84.2869354005937
N6888	2.5572897109912	-76.9239111613237	82.0384905833061
N7290	2.45288298406182	-77.3751140255273	82.2808799936509
N7291	3.39441516956959	-78.3118919727607	85.1007223118999
N7665	2.94094342204408	-75.9871833099042	81.8690701539924
N4834	3.19974463590831	-70.8337766028617	77.2332658746783
N5207	3.28344499644809	-78.1250795804944	84.6919695733906
N5629	3.16289160165123	-87.9230801815481	94.2488633848506
N6482	2.95825144056	-98.9778562836304	104.89435916475
N6896	2.35660409216537	-96.7920931983587	101.505301382689
N7299	2.40189131613424	-92.5727195847382	97.3765022170067
N8062	2.73619877732125	-73.5955846527953	79.0679822074378
N6069	4.46916224488739	-74.1954914793387	83.1338159691135
N6479	4.99603594937956	-54.4610227260586	64.4530946248178
N7668	4.38046704668028	-56.7345078392823	65.4954419326428
N5631	3.12281769498037	-68.4900600986759	74.7356954886366
N6073	3.0005769461649	-74.1198865569872	80.121040449317
N6483	3.10459933646634	-89.6557698749673	95.8649685479
N6897	3.34128588541209	-107.916511899123	114.599083669948
N7300	3.06511545573987	-80.7872904566397	86.9175213681194
N6484	2.82811307340025	-78.9076631983782	84.5638893451787
N6900	2.68007367183445	-82.3646437584781	87.724791102147
N7304	2.59869814719997	-90.0371152472128	95.2345115416127
N7680	2.45474560756333	-87.3521326061923	92.261623821319
N7302	2.43559821482803	-80.1139172293805	84.9851136590366
N6074	3.17625795237071	-68.9851900531883	75.3377059579297
N6486	3.44109071443686	-69.7115277007904	76.5937091296641
N6902	3.66894006326402	-71.5904406661391	78.9283207926672
N7683	4.04282616121163	-68.5948163601232	76.6804686825464
N8430	4.12203711514076	-90.6727164741004	98.9167907043819
N8752	3.27884264355125	-81.9691413778351	88.5268266649376
N6901	2.74556481257446	-82.7408387142771	88.231968339426
N2426	3.00180505205231	-122.708463187516	128.712073291621
N2724	2.55807583653872	-131.226724271984	136.342875945062
N3048	2.0026609462843	-112.204188104161	116.20950999673
N3401	1.84830689619604	-114.304570025018	118.00118381741
N3755	1.87718269804605	-121.933988452379	125.688353848472
N4116	2.19698333318313	-131.162670853181	135.556637519547
N4842	2.66219789979688	-93.6222540985422	98.9466498981359
N3756	1.63013968696989	-128.389056076508	131.649335450448
N4118	1.42319444764667	-130.587571081717	133.43395997701
N3402	1.91829644408872	-109.394375617089	113.230968505267
N3758	2.75796508414314	-97.8413540470279	103.357284215314
N4121	2.96955499350736	-94.1717026308386	100.110812617853
N4490	3.3100765193039	-93.769015127603	100.389168166211
N5233	3.64838746821881	-105.546052780409	112.842827716847
N5659	3.88503426899011	-101.562193134952	109.332261672932
N6100	3.55478821540119	-91.7409057124146	98.850482143217
N6931	5.66205819400497	-117.185724938063	128.509841326073
N6512	5.8485936497343	-105.785348992388	117.482536291857
N6932	5.48062649690137	-118.383052540191	129.344305533993
N7703	6.16405712797114	-112.024961406837	124.35307566278
N8088	12.2128791728129	-85.7350262625489	110.160784608175
N8089	5.1059700581226	-109.902494389048	120.114434505293
N5231	3.50876493713359	-105.949530143602	112.967060017869
N6098	4.86596547482983	-118.842444688472	128.574375638131
N4122	2.73405041465444	-97.5264049683914	102.9945057977
N4492	2.67980635062189	-100.099606017646	105.459218718889
N5236	2.2580646778049	-116.573636814542	121.089766170151
N6109	2.10715124125045	-127.587060023669	131.80136250617
N7338	3.04411711540996	-69.2202455086215	75.3084797394415
N5237	2.69545354969377	-97.3119313826435	102.702838482031
N5667	2.8557029375864	-85.6255757752831	91.3369816504559
N6113	2.51417759472792	-90.7983673140323	95.8267225034881
N6529	2.38304317019171	-99.4730116336166	104.239097974
N6945	2.09515223626459	-131.255012108989	135.445316581519
N7717	2.10344039885746	-134.679316013178	138.886196810893
N7713	2.23124791367018	-94.6182060767282	99.0807019040686
N6114	3.35216610881012	-84.704364571267	91.4086967888872
N6530	7.34213488159747	-82.8940859539604	97.5783557171553
N6531	3.34455971628551	-82.7011225483634	89.3902419809344
N6947	3.49209830158041	-72.7852943238089	79.7694909269697
N7347	5.79618444110848	-94.270100532612	105.862469414829
N8454	3.88977578840012	-77.8813292035691	85.6608807803694
N7348	3.54640107231313	-93.5283532903879	100.621155435014
N8456	2.84163233970483	-100.794640952038	106.477905631448
N6948	3.01683569301997	-108.347555856681	114.381227242721
N7350	2.69808893278029	-136.680605212652	142.076783078213
N7723	2.86690111045516	-109.112433711093	114.846235932003
N8458	3.33880983337164	-93.1931084903967	99.87072815714
N4858	2.88269408912162	-97.2157139466785	102.981102124922
N5234	2.32548377303049	-100.267794868747	104.918762414808
N5661	2.10116277563192	-93.6172856795248	97.8196112307887
N6103	1.93613853443588	-95.1646581529133	99.0369352217851
N6514	1.69087448181165	-81.5835996850022	84.9653486486255
N6104	2.15945347019161	-81.4760985094943	85.7950054498775
N5235	2.96044485640545	-104.942242939577	110.863132652388
N5663	3.0065169414931	-109.76163322763	115.774667110616
N4120	1.45436749107581	-103.280645680939	106.189380663091
N4488	0.859461175220156	-89.0988352264446	90.817757576885
N6094	1.14023898540235	-125.057042559029	127.337520529834
N4113	2.54004070704898	-75.0792567681794	80.1593381822774
N3046	2.07011922212344	-145.491812624394	149.632051068641
N4110	1.36665670354539	-100.286224116115	103.019537523206
N3752	1.84188156027399	-134.222039721196	137.905802841744
N5637	1.17778542520837	-122.139795022933	124.49536587335
N2419	3.30367095610134	-54.5420409920617	61.1493829042643
N2711	4.44074988779539	-111.410892667274	120.292392442864
N2712	3.18534226485956	-32.0172576002468	38.3879421299659
N3029	3.20838097826432	-71.0975789633226	77.5143409198513
N3377	3.2345582611685	-77.748722630388	84.217839152725
N3378	3.21019824579445	-95.7629453778276	102.183341869417
N3731	2.99993629185466	-77.1499399621483	83.1498125458576
N4086	2.68461029744577	-52.218001733328	57.5872223282195
N4447	2.96116935125369	-94.8760052619794	100.798343964487
N4087	3.17356344524283	-90.5444677558068	96.8915946462925
N4801	3.1645684054831	-100.749800205153	107.078937016119
N4803	3.49350012767325	-81.7564856600786	88.7434859154251
N5174	3.89462776896045	-78.9924690863268	86.7817246242477
N5588	3.85435227561924	-74.8540752682556	82.5627798194941
N6026	3.98631123543379	-75.1779989172523	83.1506213881199
N6451	3.58975248184697	-71.025708429831	78.205213393525
N5175	3.44069616475742	-79.6080657285686	86.4894580580834
N5589	3.35193876795694	-96.9247162050143	103.628593740928
N5590	3.43556436234655	-81.1542017552555	88.0253304799486
N6029	3.44817068125992	-85.0868388868865	91.9831802494064
N6452	2.98671525961021	-90.627540476434	96.6009709956544
N5169	3.8095890195463	-107.533171901521	115.152349940614
N2129	2.60344604886988	-169.543221204043	174.750113301782
N2422	2.35105371283405	-168.113443492094	172.815550917762
N2716	0.693020190596491	-57.4139271014666	58.7999674826596
N3035	0.596792881880276	-211.809035687128	213.002621450889
N3036	2.34172152698658	-150.543504534025	155.226947587998
N3388	2.55222904566868	-63.0152536368555	68.1197117281929
N3739	1.35674528299823	-107.249816499605	109.963307065602
N4095	0.492825815577472	-111.038261933734	112.023913564889
N3740	2.93854535042943	-108.395233016692	114.272323717551
N4096	3.68400604176993	-125.22773696878	132.59574905232
N4454	3.81307305447915	-122.375641569606	130.001787678564
N4455	3.94384959569725	-122.133526027001	130.021225218395
N4808	3.78513826736486	-117.41828723877	124.988563773499
N3736	3.03574028132682	-155.152734656385	161.224215219039
N4092	3.09406320018032	-135.241435339332	141.429561739692
N4451	3.13180996705769	-110.856121945719	117.119741879834
N6031	3.15830613070582	-103.767781322639	110.084393584051
N4806	3.13844058749636	-143.219747638505	149.496628813497
N1333	3.45858159413454	-103.814062461055	110.731225649324
N1577	2.99338261401198	-90.169157060881	96.1559222889049
N1839	3.57054374281164	-100.650633114343	107.791720599967
N3025	3.11965778627545	-140.821566511481	147.060882084032
N144	5.03609183467892	-168.305842876443	178.3780265458
N311	3.99971335668161	-169.776184571511	177.775611284875
N421	4.09674648371961	-184.53491538855	192.728408355989
N422	3.82692120376927	-171.038908417522	178.692750825061
N317	3.10058661616151	-144.710049281745	150.911222514068
N910	1.23651197651674	-134.194290926233	136.667314879266
N1293	1.08418792330476	-107.192233323946	109.360609170556
N1518	1.02177436386194	-101.702423007592	103.745971735315
N734	2.86884498617057	-89.6583287703374	95.3960187426786
N911	2.23957751566841	-112.228656450902	116.707811482239
N1093	2.19635381570595	-115.696750108426	120.089457739838
N1095	3.51745307180667	-87.4028460243893	94.4377521680026
N1526	3.16933847943786	-81.7052700396846	88.0439469985603
N1528	4.18543472449968	-82.7034482292521	91.0743176782514
N1776	4.49835619803736	-76.6415324653096	85.6382448613844
N2050	3.88898153327226	-81.6782820640891	89.4562451306336
N2051	6.20296724929631	-76.1759702770081	88.5819047756007
N2348	7.04101208173959	-72.756157593704	86.8381817571832
N2638	6.71314169468705	-82.5326534694423	95.9589368588164
N2941	5.54675521473936	-110.365588336278	121.459098765757
N2942	6.84086578952633	-84.1973136249799	97.8790452040326
N3618	7.77656185118808	-82.6771168926877	98.2302405950639
N3968	8.86750374075713	-77.6700003673698	95.405007848884
N4319	16.4611568695197	-52.10559991204	85.0279136510795
N4675	14.6138271130886	-56.4374260910721	85.6650803172494
N4676	7.25666494976027	-83.5752017422815	98.088531641802
N5048	4.27286387316455	-80.9320731315234	89.4778008778525
N5450	4.11292239318577	-81.6225891180326	89.8484339044042
N5452	6.21675235316818	-83.358971770277	95.7924764766133
N6325	5.51985889264512	-71.1098000026753	82.1495177879656
N5046	1.45518078634804	-31.0964728096781	34.0068343823741
N2944	9.78350228095212	-67.9433993509513	87.5104039128555
N3280	13.6930507696979	-67.4108868302558	94.7969883696517
N3620	12.0977012992261	-81.4300820367701	105.625484635222
N3970	8.88408598113392	-92.1887756684455	109.956947630713
N4677	4.4722695998629	3.51449817706198	5.43004102266382
N4679	10.8053807042583	-101.786068160474	123.396829568991
N5051	8.90284126009505	-45.017318950636	62.8230014708261
N3281	8.63151320775704	-73.4462933139437	90.7093197294578
N3621	8.10443662096644	-78.7220309766085	94.9309042185414
N4326	6.21311271862535	-86.8106573175672	99.2368827548179
N4683	5.27771606477318	-83.9360091321033	94.4914412616497
N5056	4.56738853243502	-77.6826806093758	86.8174576742459
N5897	5.83467947347562	-87.1612433746573	98.8306023216086
N5054	5.04503834362739	-80.2844478560765	90.3745245433313
N41	5.95319096321761	-93.2247450733512	105.131126999786
N65	4.43990738783297	-142.790002369738	151.669817145404
N98	5.36496517151845	-159.207779779627	169.937710122664
N227	8.01859394894414	-86.9702555639632	103.007443461851
N322	8.92759964947035	-66.2465987649084	84.1017980638491
N439	9.36546715757615	-50.6248858873502	69.3558202025025
N99	3.78649237659488	-118.766411397431	126.339396150621
N151	3.65710903166487	-128.640738186941	135.954956250271
N230	3.70319767431122	-131.401501622836	138.807896971458
N327	3.2599087820289	-145.348396889268	151.868214453326
N589	4.11446818637879	-80.3952116903699	88.6241480631275
N101	5.8883496806459	-88.9637768235246	100.740476184816
N153	7.48359767120087	-120.93885618143	135.906051523832
N233	8.29055161845515	-128.749107202234	145.330210439145
N329	7.5036724505634	-144.981073472754	159.988418373881
N446	6.45979724793492	-152.728878645862	165.648473141731
N595	4.79053491119486	-88.4516978911154	98.0327677135051
N762	4.73457512720229	-73.4387387063624	82.907888960767
N330	13.9116450635047	-138.061657635007	165.884947762016
N447	12.497586008799	-45.0097630126875	70.0049350302856
N596	11.6782341677442	-73.0245367650009	96.3810051004893
N764	11.3707789394112	-67.8980303155861	90.6395881944085
N1338	11.1660780589631	-60.2688736517275	82.6010297696536
N944	11.9761136639086	-28.0780898660326	52.0303171938498
N1127	11.9940501644512	-15.5536525679005	39.5417528968029
N597	13.0454584672299	-34.9598848072996	61.0508017417594
N765	14.7122419384022	-31.6814790319729	61.1059629087772
N766	11.8554600572139	-32.9709840899125	56.6819042043403
N947	11.2973896855323	-34.4390450960647	57.0338244671293
N1129	10.3363041958613	-32.6994150155922	53.3720234073149
N448	15.8031827921542	-119.658242942936	151.264608527244
N599	18.6686197620551	-89.176414441503	126.513653965613
N769	28.9912174887106	-83.0913305980429	141.073765575464
N950	26.8196066974848	-93.1611394371938	146.800352832163
N1132	25.7156396152737	-101.147582384105	152.578861614652
N1343	25.2840445290043	-109.254155127851	159.82224418586
N1345	23.1354311482678	-128.268963755474	174.53982605201
N1591	25.3218673267985	-48.3658557145649	99.009590368162
N770	13.2125318848067	-83.6626569336571	110.087720703271
N952	12.574265139907	-115.626084794036	140.77461507385
N1135	14.1106564888444	-134.1718284574	162.393141435089
N1136	10.0393184069569	-136.043857027323	156.122493841237
N1349	7.87883946493323	-136.118497440389	151.876176370255
N1594	9.67761352616653	-124.200111571834	143.555338624167
N1854	9.47083968360312	-111.210172566706	130.151851933913
N1855	9.66592608336857	-120.715999569072	140.047851735809
N2141	9.77827977409848	-129.964297429168	149.520856977365
N2142	9.28651215091582	-66.3395627035632	84.9125870053949
N328	8.67193437647159	-175.282848721329	192.626717474272
N444	9.97026680811652	-172.778417879912	192.718951496145
N593	9.1857967421076	-153.944326952481	172.315920436697
N760	9.01146431036394	-127.046175461552	145.06910408228
N1126	9.22897727472266	-78.0199645521012	96.4779191015465
N1581	8.74949171407646	-57.2724286491381	74.771412077291
N234	5.4898026889957	-86.4803622309497	97.4599676089411
N331	5.12683497058261	-94.6455199594426	104.899189900608
N775	4.77022044079078	-127.448585260252	136.989026141834
N1611	4.48946802345994	-149.454100346615	158.433036393535
N2765	4.28163022827501	-160.230830431485	168.794090888035
N4155	5.31860500295351	-174.090051750779	184.727261756686
N3447	3.75847726832206	-153.233652586059	160.750607122703
N3798	3.37944921349064	-156.544613681827	163.303512108809
N4161	3.1648628274063	-141.489325898764	147.819051553577
N4523	3.39963401656791	-111.33401119732	118.133279230456
N4891	4.01311190757941	-98.1457211185052	106.171944933664
N4892	3.2811775050149	-99.659217369849	106.221572379879
N3799	3.58790914785642	-105.698336714387	112.8741550101
N4162	3.40820112300264	-96.236874865751	103.053277111756
N4524	3.41814400327437	-113.748734530952	120.585022537501
N4893	3.67975045481035	-130.862628547675	138.222129457296
N5684	3.8455775016269	-119.234792138703	126.925947141957
N6124	3.34599552067981	-131.721982119372	138.413973160732
N5266	3.06720760667249	-69.040437132183	75.1748523455279
N6125	3.80008521223308	-75.3182681157055	82.9184385401716
N6540	7.04015745603752	-103.638530997598	117.718845909673
N7732	10.9356286662392	-100.987778387617	122.859035720096
N6541	3.63930484098411	-82.916627272912	90.1952369548802
N6957	3.23315209035162	-84.8395476155946	91.3058517962979
N7358	2.73664203493249	-90.5393324248885	96.0126164947535
N7733	2.57633222131618	-98.9589109249371	104.111575367569
N8115	2.34066064574462	-108.720062323555	113.401383615044
N7734	2.4594501464274	-102.321703155934	107.240603448789
N8468	1.40644345568907	-70.7303206076225	73.5432075190006
N7359	4.13141976420576	-80.0435655518945	88.3064050803061
N7735	4.93181085095811	-80.9586199929686	90.8222416948848
N8470	11.988330566437	-86.0353880457305	110.012049178604
N8797	19.7058304249081	-53.468985325634	92.8806461754502
N7736	3.13191632721341	-88.5489226419107	94.8127552963375
N8120	2.85984577813665	-100.761901254482	106.481592810756
N8472	3.07252358241718	-103.115343256384	109.260390421218
N8121	2.12716710789005	-83.4720996603578	87.7264338761379
N9052	1.95038379000397	-20.648479347843	24.5492469278509
N8801	1.3547006542226	-92.4701023035474	95.1795036119926
N9053	1.29440932187589	-73.9715909135829	76.5604095573347
N4525	3.2687357848294	-90.5836731624324	97.1211447320912
N4895	2.41263727263157	-62.8620046005752	67.6872791458383
N5267	2.72867010759887	-106.063316991581	111.520657206779
N5688	2.29348785611731	-94.4277745093987	99.0147502216333
N6126	1.5924648376103	-70.287810114973	73.4727397901936
N6542	1.5435562052695	-69.0132404850256	72.1003528955646
N6543	1.44894099349043	-45.3669830389091	48.26486502589
N6127	2.35059958349478	-82.9796163492444	87.680815516234
N6545	2.31357706386255	-73.985592630554	78.6127467582791
N6963	2.31107909086101	-46.4048794939746	51.0270376756966
N7364	2.1236735490933	-81.4419665763342	85.6893136745208
N7744	1.59845463771938	-102.873921523106	106.070830798545
N8478	1.50188538459687	-92.2063517106238	95.2101224798175
N8480	1.801195821031	-66.2448997191724	69.8472913612344
N8805	2.04339493657484	-53.4994237574549	57.5862136306046
N6129	5.178645931833	-90.0783704597607	100.435662323427
N6547	6.64413343820972	-83.9962982160238	97.2845650924432
N6965	6.74642088879934	-131.746384585975	145.239226363574
N7369	4.17015315088942	-83.2261083638483	91.5664146656271
N7748	3.90879673371961	-98.9437452603468	106.761338727786
N8132	3.69527088754338	-115.523798635095	122.914340410182
N8487	4.07570532639063	-119.937543541803	128.088954194584
N7749	3.29501361937418	-73.0006374004934	79.5906646392418
N8134	2.33738959954219	-82.2498878031482	86.9246670022326
N8489	2.2527575860999	-85.759965882703	90.2654810549028
N8811	2.17339132697194	-95.9084155664618	100.255198220406
N8812	2.04012799704807	-104.001309176202	108.081565170299
N8490	2.35941900581066	-72.7227470460219	77.4415850576433
N8813	2.37157274453969	-46.6118924885718	51.3550379776512
N9065	1.96694118721093	-73.9147243711164	77.8486067455383
N9306	1.99862732103791	-77.0825291414745	81.0797837835504
N9494	1.94492740455437	-69.5526934034721	73.4425482125809
N9303	2.73637351188027	-77.9848324206669	83.4575794444275
N9490	2.98223563956138	-81.4590826987953	87.423553977918
N8488	3.07388210483044	-103.208392956024	109.356157165685
N8810	2.82614702346872	-115.397969142502	121.05026318944
N9301	2.72609603115922	-100.828438523547	106.280630585865
N6548	4.40640069112727	-92.865176408225	101.67797779048
N6967	3.73383050176037	-96.1918565141889	103.65951751771
N7371	2.50131310726293	-88.9333678964409	93.9359941109668
N7752	2.44286181537295	-42.9490439885383	47.8347676192842
N7753	2.06715125955945	-56.5430903401251	60.677392859244
N8137	2.17777736691846	-65.8152392622623	70.1707939960992
N8138	1.93289855284587	-95.5766477227559	99.4424448284476
N8495	1.9477284272385	-91.9143608280964	95.8098176825734
N7373	3.47540868246036	-99.2729502460842	106.223767611005
N7755	3.18538079160896	-89.5006591326733	95.8714207158913
N7756	3.4006112542085	-94.5894010357718	101.390623544189
N8141	3.0511224495709	-100.507083617098	106.60932851624
N8496	3.56789646271891	-97.2752995637935	104.411092489231
N8142	3.47667991920849	-97.9795404777451	104.932900316162
N8497	3.33364318578246	-101.80715882584	108.474445197405
N8820	2.84247894348103	-92.0244108003501	97.7093686873122
N9071	4.48620653817319	-61.3939935977017	70.3664066740481
N4526	3.37179346372644	-111.470351066079	118.213937993532
N5270	3.91085241762101	-109.622038694727	117.443743529969
N5691	3.02603302244643	-132.357148342794	138.409214387687
N6550	2.3575898557116	-134.575529755921	139.290709467344
N5272	2.85684364998548	-104.317210622768	110.030897922739
N5694	2.57319768011672	-45.4317425740254	50.5781379342589
N6133	2.35338867851204	-122.742118686537	127.448896043561
N6973	2.50967165979803	-143.723359293901	148.742702613497
N8500	1.79111362498192	-89.6699143347831	93.252141584747
N8822	1.78788575165909	-74.277522007821	77.8532935111392
N9072	1.89249426230416	-80.2211202259943	84.0061087506026
N9073	1.72807988142949	-36.1558792921148	39.6120390549738
N9312	1.89919159558149	-78.7268892482716	82.5252724394346
N9503	2.09205622836485	-73.2232571824301	77.4073696391598
N9811	2.22699985256245	-62.3745879893254	66.8285876944503
N6134	2.92823195460044	-90.6456301003138	96.5020940095147
N6554	3.10712103464555	-70.1991158925198	76.4133579618108
N7380	5.51154612306369	-37.4344406582671	48.4575329043944
N7765	6.37128880594427	-72.9379759877905	85.680553599679
N7766	3.14536854406419	-67.2629980744467	73.5537351625751
N6976	2.96612085896275	-91.722278700111	97.6545204180366
N7382	2.93368094695257	-84.7929904186803	90.6603523125854
N7769	2.16922248653854	-28.5500328265916	32.8884777996687
N8152	2.32973117999766	-74.0003431037726	78.6598054637679
N8509	2.66273234558384	-93.6747257898349	99.0001904810026
N9317	2.99370830790922	-82.6661871486136	88.653603764432
N8510	2.24196244828103	-77.7753485217808	82.2592734183429
N8828	2.46614258102668	-84.6850271212673	89.6173122833207
N9080	2.71742691325332	-86.1659197456103	91.600773572117
N9318	2.0323614384383	-74.3155239355802	78.3802468124568
N8829	2.07050625442464	-83.0177491740116	87.1587616828608
N9510	1.74997111183734	-93.3478936842637	96.8478359079383
N9677	1.57957850993107	-95.0094985394159	98.168655559278
N9818	1.90303408297438	-103.056624231924	106.862692397873
N10036	2.85303657425392	-61.4730080592313	67.1790812077391
N7770	3.20356362106392	-71.8839465074557	78.2910737495836
N8153	2.98469726064311	-73.6459934387679	79.6153879600542
N8511	2.74761402323498	-81.0513190838244	86.5465471302944
N8830	2.42682684900472	-91.6826254579732	96.5362791559827
N8831	2.78973369558626	-91.7104447195708	97.2899121107433
N9322	2.15662989097244	-91.8919918020516	96.2052515839965
N8833	2.93869737858812	-77.8761596157308	83.7535543729071
N9085	2.93337041944643	-74.3935126859835	80.2602535248764
N9326	3.10835106022108	-48.6035581827716	54.8202603032138
N9511	2.47969380926601	-60.826501997193	65.785889615725
N9512	3.724779196314	-62.1591844841237	69.6087428767517
N9679	3.03600376380211	-71.5349090065237	77.606916534128
N9819	2.62991051706646	-71.7388572750555	76.9986783091884
N9327	2.92642187135203	-78.1022012916777	83.9550450343817
N9513	2.96249695788107	-60.0224135851735	65.9474075009356
N9680	3.06093161850687	-58.519692205026	64.6415554420397
N9822	2.97025583899668	-65.2217755870246	71.1622872650179
N9939	2.66061184277939	-78.515239022561	83.8364627081198
N9938	2.90859025098019	-59.236219917706	65.0534004196664
N9681	2.78318590109114	-54.9304325225412	60.4968043247235
N9940	1.93105239837452	-69.4618143703226	73.3239191670716
N10041	1.75106820643683	-66.631739576827	70.1338759897007
N10128	1.65616049125104	-60.7777206099884	64.0900415924905
N10042	3.63039467476303	-60.468017647041	67.728806996567
N10129	4.00567354853473	-42.2368975379714	50.2482446350408
N8154	3.59481537933771	-67.7126841252875	74.9023148839629
N8513	3.05482544343589	-73.1417559916094	79.2514068784811
N9089	2.37878769969486	-61.9984131691436	66.7559885685333
N9329	2.30537186776153	-60.2304650149849	64.841208750508
N9516	2.33088202162183	-49.8474340603612	54.5091981036049
N9517	2.10878468716039	-65.007489941435	69.2250593157558
N9684	1.89829770364158	-69.7965423442704	73.5931377515535
N9827	1.749544801509	-55.898499496141	59.397589099159
N9943	1.98588730720592	-61.9366195890919	65.9083942035037
N9685	2.05732446068896	-78.8880812508554	83.0027301722334
N9829	2.33896525646278	-65.8258042602111	70.5037347731366
N9945	2.36506767336942	-71.47826697753	76.2084023242688
N10046	2.85969658326824	-64.9403947295636	70.6597878961
N10133	2.41966292583938	-62.6676899862896	67.5070158379683
N9946	2.50122558287369	-73.3402622840569	78.3427134498043
N9515	2.42955031692101	-49.9806367076831	54.8397373415251
N9942	1.83330885586936	-86.3212929660737	89.9879106778125
N8514	4.1428238563835	-67.1920951623567	75.4777428751237
N8837	4.47288066326839	-64.3292320550947	73.2749933816315
N9092	5.20169971669244	-54.1765218305939	64.5799212639788
N9334	4.59654122588611	-63.1285317409535	72.3216141927257
N9522	4.30399878474603	-62.7929151485103	71.4009127180023
N9689	3.08141682159275	-84.2744942929005	90.4373279360859
N9523	3.72753297392862	-76.4575146861862	83.9125806340435
N9691	2.99148280973122	-68.0695660691909	74.0525316886533
N9833	3.12555554815064	-83.1580652494925	89.4091763457938
N9834	2.82534946208207	-65.8165683184489	71.4672672426131
N9951	2.61144234372791	-86.7055897566421	91.9284744440979
N9952	2.74677278582219	-64.7342384270182	70.2277839986626
N10051	2.76108998705835	-55.055738352006	60.5779183261227
N10138	2.33752226084692	-74.534368966253	79.2094134879469
N9832	2.98247007441272	-86.5363314061705	92.501271554996
N9949	2.80664269141727	-89.8921456594017	95.5054310422363
N9687	6.13017570559158	-90.1965992067159	102.456950617899
N9332	2.98694548527406	-104.612773970331	110.586664940879
N4527	4.59903882188836	-143.535983580089	152.734061223866
N5276	5.58945441434103	-119.654029998302	130.832938826984
N5700	5.63265428389811	-105.405078985386	116.670387553182
N6139	5.93320445761977	-99.0179699586622	110.884378873902
N6561	5.49852666056829	-104.049949013135	115.047002334271
N6562	6.84707312739323	-98.7629886154789	112.457134870265
N6985	9.6082522805416	-126.234954336099	145.451458897182
N6564	3.52685875456358	-112.044775803092	119.098493312219
N6988	3.50212662003937	-113.752358966694	120.756612206773
N7398	3.48090319255567	-114.833117660653	121.794924045765
N8180	3.67470664048623	-87.568629480381	94.9180427613535
N8844	2.66497185785302	-113.740396896745	119.070340612451
N9526	2.2065358083141	-68.2490919808441	72.6621635974723
N6989	3.02814971472593	-114.322563476511	120.378862905963
N7400	2.70307496957298	-96.1212020851934	101.527352024339
N7799	2.6905198118844	-85.4356627813473	90.8167024051161
N8186	2.04189261145168	-107.780911538008	111.864696760912
N8187	2.80527008157671	-60.9853241273095	66.5958642904629
N8533	2.55122738812702	-93.8689745159823	98.9714292922363
N8534	3.0813798274229	-77.4970353953177	83.6597950501635
N8847	3.25342004480618	-78.8912154323434	85.3980555219558
N9342	4.29766997052798	-79.1857552271455	87.7810951682015
N9344	2.9222731876924	-85.7895738199223	91.6341201953071
N10054	2.81557238141834	-70.2451767960617	75.8763215588984
N7800	2.41245121767495	-92.6336718984068	97.4585743337567
N8188	2.16910748207051	-100.051610693693	104.389825657834
N8189	2.54615866128296	-90.1656101677457	95.2579274903116
N9113	1.91430231674907	-102.419640711628	106.248245345127
N9349	1.83625355731092	-96.7701927939601	100.442699908582
N9540	1.8121930543948	-92.1029177156471	95.7273038244367
N9706	1.69848781296316	-108.254649478484	111.651625104411
N9707	1.83163264106219	-93.534541075337	97.1978063574614
N9960	2.04460286312964	-90.0420941397863	94.1312998660456
N10057	2.35214499124711	-97.497983443125	102.202273425619
N10144	2.36618111146986	-104.31009595878	109.04245818172
N10209	2.53545378478762	-79.7151685381691	84.7860761077443
N10145	2.06523608204405	-88.4920971883866	92.6225693524747
N10213	1.90445235162762	-90.0453611986543	93.8542659019096
N10274	1.79191206559	-92.7382330761355	96.3220572073155
N10432	1.66687540436744	-87.4977566520557	90.8315074607906
N10273	2.97627938082759	-109.98255226424	115.935111025895
N6138	6.19649433140843	-137.952889108771	150.345877771588
N6982	4.32255767173132	-159.576483749265	168.221599092727
N1145	4.07031771300705	-119.683889496805	127.82452492282
N1603	3.2244530811616	-153.001053458657	159.44995962098
N1865	2.63704000158926	-154.334867830778	159.608947833957
N2154	1.43848177910518	-146.370306066274	149.247269624485
N3415	0.811864145973792	-158.62140619812	160.245134490067
N2746	2.63980414671275	-142.857359500239	148.136967793665
N3070	2.65112436773691	-78.7184562393722	84.020704974846
N3771	1.77790481654777	-134.018847520487	137.574657153582
N4134	1.50286554025059	-125.755156564649	128.76088764515
N1604	1.60920943691001	-170.151444401122	173.369863274942
N2156	1.31973477988417	-156.807125347506	159.446594907274
N2449	1.01931108580461	-154.16745996499	156.206082136599
N3425	0.791431069705616	-143.072739659017	144.655601798428
N2749	1.36555020420062	-166.683075898549	169.41417630695
N2158	0.698829101975504	-145.371351086816	146.769009290766
N2151	2.51207030253371	-138.98346249111	144.007603096177
N2441	2.4504060180548	-131.652794572139	136.553606608248
N2735	2.45752988399724	-157.397803770643	162.312863538638
N2736	2.19683767199263	-152.851923154266	157.245598498251
N3410	1.86199555654585	-108.870139690859	112.594130803951
N2442	2.22855025696222	-144.173586304403	148.630686818327
N2737	1.70559382390283	-139.175355220337	142.586542868142
N3058	1.61617057934845	-140.933228599833	144.16556975853
N3059	1.62805861030701	-143.522683428776	146.77880064939
N3414	2.13555659792058	-161.259056456478	165.53016965232
N3767	2.08182091382551	-170.929415889501	175.093057717152
N332	5.57140178589024	-88.6698167341144	99.8126203058949
N452	6.12084867656979	-91.0059175364545	103.247614889594
N781	5.44544938674336	-95.8582427806285	106.749141554115
N969	5.31234918288409	-98.283841666944	108.908540032712
N1896	5.4691089067273	-143.296021090443	154.234238903898
N2185	5.19137731181255	-145.676290436206	156.059045059831
N2489	4.89315489532706	-127.938514090895	137.724823881549
N3467	4.50011771540566	-79.9745643729137	88.9747998037251
N3469	8.17448426527213	-100.045749385569	116.394717916114
N1635	4.3346231134096	-113.165468205055	121.834714431874
N2194	3.56303877294179	-110.963324434265	118.089401980149
N2502	3.49531280186938	-112.720470925683	119.711096529422
N4914	2.75614427043061	-134.1398365198	139.652125060661
N5289	2.66571153143708	-136.485045746174	141.816468809049
N6149	2.72695000195107	-133.333106505181	138.787006509084
N5290	2.40354045188938	-103.594251603324	108.401332507103
N6574	2.23170052970601	-106.415062403277	110.878463462689
N6997	1.82449025411948	-94.7411735440052	98.3901540522442
N2503	3.03094940040801	-119.472044956854	125.53394375767
N2809	2.92604347996709	-145.856121709644	151.708208669578
N3142	2.67191281402688	-106.25367898773	111.597504615784
N3490	2.6413618132846	-82.6378185245554	87.9205421511246
N3840	2.9541961232327	-100.062235940848	105.970628187313
N4197	3.26905390270899	-101.342125713795	107.880233519213
N4554	3.48351441224708	-100.26366704947	107.230695873964
N4919	3.47027169785481	-110.948562428529	117.889105824239
N5299	3.43729353351289	-128.708257993466	135.582845060492
N6588	3.27347298032728	-134.268579553185	140.81552551384
N4916	2.33265383082624	-147.436766277133	152.102073938785
N3144	2.87502265580965	-119.023422656592	124.773467968211
N3491	2.56151431600684	-133.108232566538	138.231261198552
N3841	2.19455801496017	-144.817537060218	149.206653090139
N4198	1.78101261075908	-120.242726144219	123.804751365737
N4555	2.05307591527509	-103.107319051002	107.213470881553
N4556	1.59657360305208	-133.116647503863	136.309794709967
N4920	1.37205361451096	-152.007504130867	154.751611359889
N4200	2.09488979765883	-145.068842120608	149.258621715926
N5304	1.84220667895945	-145.679752505107	149.364165863026
N4202	2.8743899160533	-131.307122643048	137.055902475154
N4929	3.09456685598158	-112.984656675036	119.173790386999
N5309	2.91550399510616	-129.69651393541	135.527521925623
N5731	2.77452885856503	-135.392459405858	140.941517122988
N1158	4.13915280919941	-141.5532740714	149.831579689799
N1894	3.25314333533454	-151.283795552138	157.790082222807
N2783	1.84203978225985	-140.471930778484	144.156010343003
N3115	2.31146232794441	-146.403238054774	151.026162710663
N3465	1.94441048155723	-90.112180223099	94.0010011862135
N3815	2.06734025835209	-112.521040988809	116.655721505513
N4174	2.39936084019338	-85.8530830247765	90.6518047051633
N4537	2.05119811079616	-108.658800630405	112.761196851998
N4908	1.74809251840598	-113.154462099553	116.650647136365
N782	11.6084136190723	-115.572018794159	138.788846032303
N1161	6.48159858126969	-144.207648143445	157.170845305984
N1636	5.50255114328779	-176.042851547986	187.047953834562
N3495	2.45670545756765	-188.956822014005	193.870232929141
N6174	1.05088403136455	-56.0959259870134	58.1976940497425
N2823	3.07456315472573	-99.6980629210315	105.847189230483
N3160	2.6866231839655	-98.5782487884309	103.951495156362
N3504	2.47037542815385	-96.0575532499634	100.998304106271
N3855	2.33098602523111	-113.951810205034	118.613782255497
N4216	2.41675863319143	-115.770184608365	120.603701874748
N4580	1.7304953213109	-108.925771918045	112.386762560667
N5751	1.55526505919648	-60.2854453685794	63.3959754869723
N6190	1.57735818798278	-37.7410652346475	40.8957816106131
N6191	1.45723671364592	-57.269361697632	60.1838351249239
N6610	1.378633507005	-66.4557478957989	69.2130149098089
N7035	1.46318802788203	-80.0408338120862	82.9672098678503
N7827	1.49903744912724	-44.8400341084416	47.8381090066961
N8216	1.45417744290523	-75.7629658098837	78.6713206956941
N8217	1.38962822952895	-69.0252358817988	71.8044923408567
N8867	1.34114544008908	-80.961385976507	83.6436768566851
N9128	1.27890547548054	-71.7944189606531	74.3522299116142
N9354	0.973946212696781	-90.6114899995057	92.5593824248992
N9355	1.32743693671486	-73.1787106210365	75.8335844944662
N9543	1.40114500022949	-75.6376193911633	78.4399093916223
N9710	1.621250884983	-79.7440168264725	82.9865185964385
N9844	1.85245698576275	-80.8953153979984	84.6002293695238
N9845	1.5697369912433	-86.0344688716	89.1739428540866
N7033	1.84583442704729	-104.369852567231	108.061521421326
N3856	2.15903979757365	-95.2776311226665	99.5957107178137
N4219	2.0449562489235	-93.4566531372324	97.5465656350794
N4946	1.83529346018743	-104.815186805952	108.485773726327
N5327	1.84433067484176	-105.278525113958	108.967186463642
N5753	1.80224913401765	-104.103496675299	107.707994943335
N6194	1.82617847963353	-94.3574227837648	98.0097797430318
N6195	1.6491272552611	-127.009416135227	130.307670645749
N6617	1.52235266898533	-90.6798545515641	93.7245598895347
N7042	1.53633972646506	-96.7623627997455	99.8350422526756
N5754	1.98729054731774	-103.264620106468	107.239201201104
N6197	2.26903123706234	-93.6163709857876	98.1544334599123
N6621	2.12101593828492	-119.778079830461	124.020111707031
N6619	1.51924426548798	-99.8831194083497	102.921607939326
N4947	1.87886057032556	-101.275255216257	105.032976356908
N5328	1.78232811117403	-125.552793462943	129.117449685291
N5757	1.69959071666464	-96.7041129266621	100.103294359991
N6200	1.62259566908036	-87.9502091573129	91.1954004954736
N6625	1.67526348314607	-85.0274504020598	88.3779773683519
N7050	1.64033402301238	-84.9532023094168	88.2338703554416
N7446	1.56130808842871	-101.334714963109	104.457331139966
N7847	1.67444679365177	-104.066500172816	107.415393760119
N7848	1.43219496000714	-85.6820603298215	88.5464502498357
N8581	1.40400037871318	-106.041868099042	108.849868856468
N7849	1.64444304551487	-83.0630041010126	86.3518901920423
N8239	1.65574930996371	-80.0973268497069	83.4088254696343
N8582	1.44471387319154	-100.816742011408	103.706169757791
N8882	1.80729499619737	-87.1122210849225	90.7268110773173
N9145	1.89473443141196	-101.095779884164	104.885248746988
N9560	2.46600729480535	-88.7152077151477	93.6472223047584
N9376	1.89053376975989	-98.6410569759275	102.422124515447
N9561	1.95696865942635	-94.8400196695753	98.753956988428
N9726	2.12134296749929	-93.6277813207773	97.8704672557759
N9864	2.1324159696435	-102.315827062777	106.580659002064
N10160	3.09639056355615	-58.4098699101592	64.6026510372715
N9147	1.63858453432972	-94.7623060089176	98.0394750775771
N9377	1.5225478126291	-83.4586279251449	86.5037235504031
N9378	1.66935491339724	-85.4019675386131	88.7406773654076
N9565	1.62560822347641	-81.9214754744425	85.1726919213953
N9730	1.59939531365076	-88.1088430664873	91.3076336937888
N9867	1.66513259696613	-71.6188993888165	74.9491645827487
N10080	2.01491779862122	-62.1148798716132	66.1447154688556
N10163	2.17344338334144	-58.4224480380005	62.7693348046834
N10164	2.02081362446293	-39.0384053874827	43.0800326364085
N9731	1.560806867405	-82.3682491663374	85.4898629011473
N9868	1.68336354694149	-83.0122437569968	86.3789708508798
N9987	1.92148189801994	-94.8249321855247	98.6678959815646
N10082	2.32778829236684	-90.8655017095899	95.5210782943235
N9988	1.65540362877646	-80.6070454013474	83.9178526589004
N10084	1.70669781735232	-72.7864470397057	76.1998426744104
N10233	1.83117087018965	-40.2705214222945	43.9328631626738
N10167	1.5474648545006	-89.3547707213793	92.4497004303805
N9869	1.31839941399156	-86.3612787848973	88.9980776128804
N9990	1.2820149156113	-96.3877918377257	98.9518216689483
N10087	1.33935791869522	-113.227515812504	115.906231649894
N10420	1.40462052525651	-88.4258926465946	91.2351336971076
N10086	1.105016587986	-64.2709946187519	66.4810277947239
N7445	1.9713463630536	-88.3835060978139	92.3261988239211
N7845	1.98076228954637	-85.6592198279984	89.6207444070912
N8235	2.02486942630734	-85.0802148645418	89.1299537171564
N8576	2.34328510654874	-94.5688780628134	99.2554482759108
N8874	1.91881357149086	-97.2698023954415	101.107429538423
N9136	2.54516114978012	-112.522094062093	117.612416361653
N8577	1.95705759819353	-72.548190780441	76.4623059768281
N8877	2.10170472186829	-63.1938527481179	67.3972621918545
N9138	2.36218130086863	-73.6514458619293	78.3758084636666
N9367	2.28275973134574	-72.983676530241	77.5491959929325
N9553	2.05318148659572	-68.2870603679984	72.3934233411899
N9554	2.99676372227237	-32.8113213231747	38.8048487677194
N8236	2.10987955203635	-104.857205003043	109.076964107116
N9555	1.38936534323665	-51.5699547664933	54.3486854529666
N8879	2.54201485700715	-104.935152562264	110.019182276279
N9141	2.69000696497657	-90.9868611960206	96.3668751259737
N9557	3.07366632360241	-68.7046618748037	74.8519945220085
N9725	2.971053081887	-68.8547821078277	74.7968882716017
N10075	2.9513476675113	-99.5991925964148	105.501887931437
N7048	1.73217311198725	-133.299260568044	136.763606792019
N4945	2.16585264892435	-106.502648982219	110.834354280067
N5324	2.18761241507693	-97.4761176893434	101.851342519497
N5325	2.13179823681448	-79.8201368846921	84.0837333583211
N5752	1.72887686148049	-38.5044851094486	41.9622388324096
N6193	1.71896982193066	-54.5919681996965	58.0299078435578
N6614	1.83471650220922	-60.7900404968588	64.4594735012772
N7039	1.96534962889262	-75.1939018761256	79.1246011339108
N7432	2.23188648086987	-92.9972586924881	97.4610316542279
N7433	1.90638437463194	-88.4116699977622	92.2244387470261
N7834	1.93200936841751	-106.241174284154	110.105193020989
N7040	1.84017790363961	-63.5692049699301	67.2495607772093
N7435	1.83206788823289	-63.2554413741258	66.9195771505916
N8226	1.9856990994363	-82.4674675388002	86.4388657376728
N8570	2.72331377163341	-60.7414777928075	66.1881053360743
N8571	1.90126130309889	-92.7325428338603	96.5350654400581
N8872	1.86181411209063	-59.6876230787564	63.4112513029377
N9133	1.92411923343511	-60.6799335439534	64.5281720108236
N9362	1.98995461090222	-61.9823116429705	65.9622208647749
N9550	2.0340399946346	-66.8049817489156	70.8730617381848
N9852	2.17360745720484	-62.6124487912478	66.9596637056575
N9970	2.1558846873198	-59.2613007115034	63.573070086143
N10067	2.17157398411862	-61.9497568310516	66.2929047992888
N10152	2.19656008018837	-60.6262575540149	65.0193777143916
N10219	2.36224701989034	-76.1089817801738	80.8334758199545
N10281	2.53788985428582	-81.4556059537957	86.5313856623674
N10335	3.01825835766422	-75.1289940088978	81.1655107242263
N10068	2.13241054833906	-62.7211560154169	66.985977112095
N10153	2.1384248922434	-62.9180801054626	67.1949298899494
N10221	2.17040307818398	-79.4081366502579	83.7489428066258
N10283	2.09701312118825	-75.3635666891733	79.5575929315498
N10222	2.14544425927787	-66.9188415074143	71.20973002597
N10284	2.078245495643	-81.6733926254153	85.8298836167014
N10438	1.68214434172121	-105.158755478756	108.523044162198
N10341	2.29689465642863	-69.5490054626323	74.1427947754895
N10439	2.32510162451339	-64.2329947192569	68.8831979682837
N10470	2.50733408472926	-57.9174423333309	62.9321105027895
N10471	1.90575993720277	-65.1820688004165	68.9935886748221
N10493	1.80646385243047	-68.2444883053133	71.8574160101742
N10514	1.80576821169568	-77.631760964619	81.2432973880104
N10494	1.78325984043172	-61.5148878227812	65.0814075036446
N10516	1.6917061245875	-72.4128939604895	75.7963062096645
N10066	2.36141484116726	-70.7837461369276	75.5065758192621
N10150	1.71662623362661	-80.2703077468432	83.7035602140964
N10217	1.51160657601013	-87.9076590510592	90.9308722030794
N10279	3.19263282280717	-60.0806721862171	66.4659378318314
N10333	2.77004950225353	-66.625101207727	72.1652002122341
N10392	2.40820430693415	-68.8020159287171	73.6184245425854
N10437	2.14804617068936	-72.7728187751136	77.0689111164923
N10466	1.99924780852982	-85.2855633917149	89.2840590087745
N10508	1.75357715298445	-90.8242750181486	94.3314293241175
N10489	1.78263561861051	-70.5590002519244	74.1242714891454
N10509	2.01832510138008	-75.19596996719	79.2326201699502
N10530	2.10332151135555	-78.8183182682781	83.0249612909892
N9714	2.09973502868706	-88.8553177042175	93.0547877615916
N9848	2.08572220836688	-84.8833178707518	89.0547622874855
N9966	2.11871813548728	-83.5126015924294	87.750037863404
N9965	2.35770605329447	-114.279374030156	118.994786136745
N9850	2.03340065969933	-95.9196914047538	99.9864927241525
N10148	2.11292651820822	-110.177492545219	114.403345581635
N9548	1.99014232004611	-81.5717718326419	85.5520564727341
N9712	2.01901665546716	-84.9248966644134	88.9629299753477
N9713	2.04636806787406	-80.3329877899204	84.4257239256685
N6612	1.5838474706971	-70.7243492685429	73.8920442099371
N7037	1.57918875607663	-75.6935343723141	78.8519118844673
N8218	1.7382886114295	-87.0103078765409	90.4868850993999
N8869	1.82902228021051	-75.6907034099122	79.3487479703332
N9356	1.68546714786973	-90.7383366451815	94.109270940921
N7038	1.52843272545657	-59.7642298348812	62.8210952857943
N7430	1.54703033008319	-80.3460892858669	83.4401499460333
N7832	1.48759111332707	-106.830327335091	109.805509561745
N3854	2.77402381645361	-92.4043362716015	97.9523839045087
N4578	1.6755874446573	-91.2839245056924	94.635099395007
N4940	1.60405334882683	-103.07692423653	106.285030934183
N5740	1.26731859552781	-64.402206224419	66.9368434154746
N5741	1.70753908183014	-127.695184442935	131.110262606595
N7024	2.0089014957113	-92.2671594684448	96.2849624598674
N7414	2.02363683556852	-72.7978802637603	76.8451539348974
N7811	1.70898721370948	-48.8647808556352	52.2827552830542
N7812	1.89195653030911	-101.61446414703	105.398377207648
N7810	2.12064726249234	-106.780901889738	111.022196414723
N8546	2.15472636213143	-99.3171005063333	103.626553230596
N4579	2.79455585908729	-73.0685261358091	78.6576378539836
N4941	3.24160010188827	-63.0818328198998	69.5650330236763
N5317	2.72844348536856	-79.4556346352133	84.9125216059504
N5743	2.61566045741393	-99.1222985757501	104.353619490578
N6181	2.55521197291194	-117.439403911613	122.549827857437
N5318	3.68810448389557	-92.2131862894175	99.5893952572087
N7025	7.42574497676204	-119.410757355561	134.262247309086
N4942	2.58736861727361	-72.5337584103394	77.7084956448866
N5319	2.40418199094431	-107.175135940719	111.983499922607
N5748	2.48130051170692	-70.2957053850536	75.2583064084675
N6187	2.47017743328338	-108.191812172734	113.132167039301
N6188	2.42755174901553	-79.6171440842346	84.4722475822657
N6605	2.36430660182154	-86.0980495684126	90.8266627720557
N7029	2.35603749285757	-96.4068654534562	101.118940439171
N7815	2.58481020732991	-76.3816874473662	81.551307862026
N1163	21.3455245255996	-93.5758263652563	136.266875416456
N1389	17.0486491605318	-117.794060460387	151.891358781451
N1390	28.3439453169242	-74.2290217258715	130.91691235972
N1641	34.0843099150845	-65.8279074951977	133.996527325367
N1913	43.3538060397845	-50.9101413673563	137.617753446925
N2521	51.154133336251	-34.9088666705213	137.217133343023
N2838	75.2370105859637	-9.2660169232452	159.740038095173
N3177	53.6492850218629	-39.9303687450082	147.228938788734
N3880	24.232405090271	-127.199075706853	175.663885887396
N3882	41.0744764042377	-59.7760539460784	141.925006754554
N4243	15.6386983090004	-80.2196089986933	111.497005616694
N4609	8.87061720439093	-114.897248534007	132.638482942789
N5360	4.14991499685103	-103.211073088213	111.510903081915
N5791	3.24993349061447	-104.779181694225	111.279048675454
N6227	2.25298489892419	-108.103002414153	112.608972212001
N4244	22.5549582771728	-107.332761298345	152.442677852691
N4610	17.4574033140854	-112.815093960754	147.729900588925
N4974	6.66086420771638	-95.4781817522047	108.799910167637
N5361	4.39714190850112	-101.53778449778	110.332068314783
N5792	3.70108722019026	-109.482243918378	116.884418358759
N6228	2.73707390311188	-95.0047830364604	100.478930842684
N7865	2.01158473784041	-50.8012301743452	54.8243996500261
N5794	3.30685159806196	-85.3232876695202	91.9369908656441
N6229	2.46275642420539	-71.1546790127093	76.0801918611201
N6655	2.2518242413317	-87.4170058159557	91.9206542986191
N7076	1.85015374062755	-90.6438183170233	94.3441257982784
N7467	1.75047597507371	-89.2334262573573	92.7343782075047
N6230	2.40238813554291	-70.2083536447063	75.0131299157922
N6656	2.42572078599636	-48.1771544934994	53.0285960654921
N7077	2.34220710978699	-52.8368052644695	57.5212194840435
N7078	3.52483233294	-74.7730251337336	81.8226897996136
N7469	4.51773086350412	-84.7739816270893	93.8094433540976
N8256	5.37898976637609	-90.7056589451881	101.46363847794
N6657	1.77967497204544	-72.0346304231043	75.5939803671952
N7079	1.47592765727303	-81.6021280080451	84.5539833225912
N7080	1.69539467772098	-61.5814183857021	64.972207741144
N7871	1.86988173568566	-71.3920418763392	75.1318053477105
N8902	1.72014300730615	-80.8672509460763	84.3075369606886
N3526	141.579598743665	56.0955206252821	227.063676862048
N3883	121.772251120622	31.9221727307025	211.622329510541
N4246	104.205222290639	9.84867152596129	198.561773055316
N4611	68.7359527663721	-44.6493649075182	182.121270440262
N4975	55.3232438070876	-63.6446673932649	174.29115500744
N5363	39.567705926256	-89.1153523928906	168.250764245403
N4977	75.7238477356653	-38.8977083199511	190.345403791282
N5364	40.7914144440905	-95.9120194332177	177.494848321399
N6659	9.71165768399382	-71.7381109219298	91.1614262899174
N6660	28.6900002109718	-94.7939701216106	152.173970543554
N3884	228.007765903665	135.852112877012	320.163418930318
N4247	303.495772238845	204.107741789922	402.883802687767
N4614	242.477309850666	127.854877160139	357.099742541193
N5802	108.806460321602	-20.1600231551324	237.772943798335
N5373	58.8626079621777	-66.9889730541885	184.714188978544
N4978	1378.57215606036	1239.30896514057	1517.83534698015
N6237	3340.35009632036	3194.80394393768	3485.89624870303
N4248	188.130600043582	82.6700662080018	293.591133879163
N4983	84.3584571459675	-38.2331302615992	206.950044553534
N5374	73.704108638764	-53.448586760288	200.856804037816
N6242	21.4093694932037	-77.4245319738957	120.243270960303
N6666	15.9839094691874	-74.0723757618286	106.040194700203
N5810	71.2096894017614	-64.6115252552608	207.030904058784
N7089	31.5772664635961	-89.3260276547917	152.480560581984
N2839	39.8966960886603	-52.9809848821222	132.774377059443
N3180	30.5959880695069	-66.671529287032	127.863505426046
N3529	23.3664624458328	-122.433765820002	169.166690711667
N5392	5.09859076511753	-122.752828248515	132.95000977875
N6262	3.80604693183837	-114.846144319286	122.458238182963
N6263	3.1665132888414	-119.025734701244	125.358761278926
N3530	19.1150085540324	-76.2850331509173	114.515050258982
N3890	10.6784200075703	-84.1306621554093	105.48750217055
N4256	4.77884645222834	-103.415750196047	112.973443100503
N4626	2.70433896342133	-128.678351902893	134.087029829735
N5393	1.50346734005705	-99.9280657521461	102.93500043226
N5831	1.456206854607	-113.230011986644	116.142425695858
N5395	1.70173111423634	-72.5236389866832	75.9271012151558
N4627	7.47600013607719	-82.6211401049183	97.5731403770727
N4998	5.82234996202674	-122.238153203836	133.882853127889
N6272	2.57351163753169	-88.4642427749999	93.6112660500633
N4999	5.02789666087803	-78.1015329205133	88.1573262422694
N5397	3.95221665276849	-92.505469186781	100.409902492318
N5837	3.22806906675367	-87.7864717265922	94.2426098600996
N6273	2.5966143388072	-104.099638392066	109.29286706968
N6697	2.78759340538578	-56.0554599684107	61.6306467791823
N7120	3.02303693078669	-97.4111482222658	103.457222083839
N7907	2.23826480469564	-102.558098311804	107.034627921196
N8282	1.89255341406464	-96.545819983934	100.330926812063
N8630	1.68529208097916	-79.8896320199431	83.2602161819014
N5398	3.30807234475828	-66.8185636401738	73.4347083296904
N5838	2.36515398397459	-46.6989293394907	51.4292373074399
N6275	2.76857025927669	-93.2028165274911	98.7399570460445
N6276	2.15908622058536	-102.595608284307	106.913780725478
N6700	2.10964166711462	-102.580634580558	106.799917914787
N7125	2.1661930957663	-103.600893388842	107.933279580375
N7910	2.03499876807211	-107.467434672615	111.537432208759
N8928	1.94905412279982	-112.211571365022	116.109679610622
N5839	2.89064715241427	-71.7128834789877	77.4941777838162
N6278	2.66285662152821	-73.7496469859183	79.0753602289747
N6703	2.23586506172511	-52.6255965697593	57.0973266932095
N7130	2.15721593479969	-86.1251450520815	90.4395769216808
N7517	2.15237028227057	-81.0315712965305	85.3363118610717
N7915	2.20523783114278	-75.6953717778905	80.1058474401761
N8644	2.20160250663713	-76.0508111157822	80.4540161290565
N6704	2.4403087861071	-82.1209540788187	87.0015716510329
N7131	2.52944526554061	-106.225339548974	111.284230080055
N7916	2.57434577978927	-96.5520433918144	101.700734951393
N7132	2.23478284942473	-83.2511013522259	87.7206670510753
N8296	1.82804059398411	-99.2646748700655	102.920756058034
N8647	1.66894885065904	-77.6849623823612	81.0228600836793
N8936	1.83461231722025	-54.5379788281909	58.2072034626314
N8937	1.56977666928317	-78.148388471382	81.2879418099484
N9418	1.55962254746164	-87.2397440254349	90.3589891203581
N9601	1.31602323436501	-82.2824734814184	84.9145199501485
N9602	1.60403209090894	-99.1119639776127	102.320028159431
N9419	1.50283371596098	-104.575399860416	107.581067292338
N6702	2.31630778403694	-77.5561899137236	82.1888054817974
N7128	2.22399325569965	-92.5685274592612	97.0165139706605
N7516	2.05263074879563	-72.4448741757749	76.5501356733661
N7913	2.18351025023841	-36.0741936803632	40.44121418084
N8289	2.47552829837458	-70.7207913282893	75.6718479250385
N8290	2.02286463874572	-68.2203134339086	72.2660427114001
N8640	2.07194284405433	-78.44016615982	82.5840518479286
N8931	2.10604180557777	-81.5095457592549	85.7216293704105
N8932	2.03089843715755	-94.1561690859199	98.217965960235
N7514	3.2233250175561	-124.303316197091	130.749966232203
N3891	10.8090081756397	-89.8730674678896	111.491083819169
N4259	4.53168234951142	-88.516185745603	97.5795504446259
N4628	3.04550966733582	-89.2914156353491	95.3824349700207
N5001	2.59723924000606	-82.056598354655	87.2510768346671
N5401	2.38980699896054	-96.9675721227729	101.747186120694
N5844	1.89746304300793	-98.4819153214403	102.276841407456
N6283	1.73729753397993	-92.3923614072061	95.8669564751659
N6710	1.71387901604536	-86.7623222899276	90.1900803220183
N7527	1.9749702725093	-80.821936043523	84.7718765885416
N7924	2.24526720153584	-93.6847256717973	98.1752600748689
N5402	2.34607115086576	-78.1741479527579	82.8662902544894
N5845	1.83376444353998	-65.4618190209384	69.1293479080184
N6285	1.80929943693271	-75.6626582541163	79.2812571279817
N6712	1.8004309298271	-70.3831027490084	73.9839646086626
N5846	2.16088919763335	-81.7168665673161	86.0386449625828
N6286	1.95809323186357	-93.7194019510685	97.6355884147956
N6713	1.96448963370586	-81.4494923693491	85.3784716367609
N7137	1.76527807848901	-84.0526044193068	87.5831605762849
N7138	2.07591278418293	-67.4860971918247	71.6379227601906
N7531	2.34868679805977	-75.1059671865929	79.8033407827125
N6287	1.91327038889544	-81.5620067255994	85.3885475033903
N5400	2.05580496164825	-74.8785572876361	78.9901672109326
N5841	1.93721654954658	-96.198453266443	100.072886365536
N5003	3.56976879053091	-84.3264401538784	91.4659777349402
N5850	2.20684803242919	-54.5418449236619	58.9555409885203
N6292	2.46584197426527	-87.3085277943323	92.2402117428629
N6719	2.40623492818629	-81.725581432737	86.5380512891096
N7142	2.43367566970996	-78.5714608204542	83.4388121598741
N7535	2.46805044277514	-82.0497768735646	86.9858777591149
N7536	2.38871324677749	-83.1497155540308	87.9271420475858
N8314	1.9111927119594	-70.9702268315008	74.7926122554196
N5851	2.6270601239581	-78.7066082454463	83.9607284933625
N6293	2.49297770071114	-74.0736322880718	79.0595876894941
N6720	2.4454113048979	-86.6102976282943	91.5011202380902
N7143	1.88961596522792	-79.9143382506513	83.6935701811071
N7144	2.59711441759406	-75.9982326035385	81.1924614387266
N7936	3.59787796454705	-100.738998906116	107.934754835211
N8317	4.04823911687234	-92.8655967660987	100.962074999843
N7146	2.49667576029121	-72.9392273706835	77.9325788912659
N6294	2.43835664990485	-90.3096081616201	95.1863214614298
N6722	2.51887820150102	-84.3772372737418	89.4149936767438
N7148	2.42705964448109	-64.027213489666	68.8813327786282
N7542	2.16945628750841	-78.7652853031641	83.1041978781809
N8665	2.0364396111574	-79.1171084581953	83.1899876805101
N7944	2.32053130424412	-87.1484539391012	91.7895165475894
N9210	2.14230852436507	-53.8012046043959	58.0858216531261
N9426	2.10995239249749	-41.7014555424269	45.9213603274218
N7541	2.69763571871437	-94.4380342178231	99.8333056552518
N7939	2.12444189673568	-82.4040488841061	86.6529326775774
N6723	2.1866676471034	-114.040238864077	118.413574158284
N7546	2.11663509048446	-95.1953243120033	99.4285944929722
N7949	2.2729536576409	-87.266143764769	91.8120510800508
N8335	2.2922844861586	-83.3373538153186	87.9219227876358
N8679	2.42069624532686	-75.5780769081113	80.419469398765
N8961	2.59159881431796	-58.8870907789788	64.0702884076148
N8962	2.3354974667383	-85.9843283791464	90.6553233126231
N9443	2.19646024159116	-65.5611309546142	69.9540514377966
N9629	2.14386241607202	-66.6278711022224	70.9155959343665
N9781	1.84844561799818	-68.195729120147	71.8926203561434
N9905	1.81820621514822	-58.6206240539412	62.2570364842376
N10105	1.94160500016719	-49.5778796429993	53.4610896433337
N9782	2.21114890275083	-72.1855651806034	76.607862986105
N9906	2.13864296077573	-72.4097669795916	76.6870529011431
N10015	2.00161029815335	-68.5905144472401	72.5937350435468
N10189	2.50908664666923	-63.6236789828362	68.6418522761747
N10254	2.65031439346191	-48.4633728505511	53.7640016374749
N10316	2.83854675397842	-44.810809959723	50.4879034676798
N10378	2.70655842522366	-46.316439900238	51.7295567506853
N10426	2.5048049232493	-49.4869183521189	54.4965281986176
N10457	2.26734382604595	-62.0652285873523	66.5999162394442
N10427	3.30021294785606	-47.9067243823439	54.507150278056
N10458	3.50516938479422	-45.77856466824	52.7889034378285
N10423	1.91991332785601	-40.4315193729824	44.2713460286944
N10375	2.50108516548531	-35.1096940124721	40.1118643434427
N9780	2.46966784595167	-57.1278362954789	62.0671719873823
N10101	5.01050675467392	-55.7973870844488	65.8184005937967
N8677	1.86748925009025	-112.444031766234	116.179010266415
N3528	11.695226887224	-111.020091923519	134.410545697967
N3887	5.54144715857621	-93.5615517764584	104.644446093611
N4250	3.58645591716467	-102.078368797264	109.251280631594
N4619	1.41291715715042	-64.8847806851331	67.710614999434
N4251	3.05106899599122	-85.6884550087152	91.7905930006976
N4621	2.57890234207257	-100.231765584807	105.389570268952
N2203	8.43554335933119	-88.7857425387416	105.656829257404
N2515	5.94593612028502	-94.3502829348907	106.242155175461
N2830	3.93984260599233	-106.193811241617	114.073496453602
N4232	2.20023008484071	-97.102117219605	101.502577389286
N3870	2.77228409474381	-100.356107963095	105.900676152583
N4234	2.46102746998169	-100.609360550863	105.531415490827
N4600	2.09412098977137	-84.1114883927841	88.2997303723268
N4963	1.96907566579532	-79.1469857089116	83.0851370405022
N2831	4.08869542445425	-101.519055051866	109.696445900775
N3517	2.36017101933535	-168.709402078546	173.429744117217
N3518	2.81953227826974	-87.3188978607961	92.9579624173356
N3873	2.49755709370089	-93.7957607472485	98.7908749346502
N4238	1.77608976847683	-100.840239340535	104.392418877489
N4967	1.54321470603218	-85.929607072632	89.0160364846963
N5349	1.43483229258948	-79.2093756311238	82.0790402163027
N5776	1.53534273201079	-99.5279062816948	102.598591745716
N5777	1.32455396162805	-69.8549557404507	72.5040636637068
N6214	1.34102123117039	-84.7952732565227	87.4773157188634
N5350	1.43178969893338	-87.9151589057583	90.778738303625
N7057	1.25020344012493	-67.4704900971943	69.9708969774441
N7450	1.26848397466517	-61.3350395321209	63.8720074814512
N3874	2.35541859604907	-82.7624637823921	87.4733009744903
N4239	2.13477175211537	-79.1916377355785	83.4611812398092
N4604	1.65204136496499	-55.7882114293036	59.0922941592336
N4969	1.45307829309205	-60.3011430722399	63.207299658424
N5354	1.70942591707223	-72.8196634887633	76.2385153229078
N5784	2.16676524508735	-60.5925851808699	64.9261156710446
N7068	1.91634802323963	-83.7354291769006	87.5681252233798
N7458	1.88682377208948	-69.6824986009894	73.4561461451683
N8246	1.73799152289504	-34.7402664588781	38.2162495046682
N8589	1.78231680442922	-54.4402724508325	58.004906059691
N9149	2.12621504500502	-66.3767468580694	70.6291769480794
N6219	1.68961234648593	-101.339617911572	104.718842604544
N5352	1.99727815217518	-78.8444651810341	82.8390214853844
N5779	2.16730524225929	-39.7150449706473	44.0496554551659
N6216	2.17306046620222	-80.6032092505627	84.9493301829671
N7059	2.15126255927505	-78.2094009343319	82.511926052882
N6218	2.03251399793924	-63.5722605758355	67.637288571714
N6641	1.96328690034167	-73.4333282509777	77.359902051661
N7455	1.91879479708386	-66.2372717720978	70.0748613662656
N7855	1.98457645166441	-79.2662127279963	83.2353656313251
N4605	2.07978753934039	-101.559287913379	105.718862992059
N4971	1.94367418212565	-68.2825628754418	72.1699112396931
N5358	1.70432017049413	-74.4589841062681	77.8676244472564
N5787	1.55701381141313	-77.1084572984266	80.2224849212528
N6224	1.51097854840596	-70.683145176306	73.7051022731179
N6225	1.70212607509	-73.0115711978552	76.4158233480352
N6652	1.75214518834648	-66.8182551306011	70.3225455072941
N7073	1.66671256106501	-63.5070895243182	66.8405146464482
N7862	1.65115935175471	-68.688834613462	71.9911533169714
N8249	1.61302107011171	-73.98428405065	77.2103261908734
N8250	1.67121241916362	-74.426797698995	77.7692225373222
N8594	1.7572432185874	-71.0534169057587	74.5679033429335
N8891	1.6516774130915	-63.7108496784716	67.0142045046546
N9154	1.55432478047774	-78.8884789297111	81.9971284906666
N7864	1.75301927024926	-65.4047043442351	68.9107428847336
N8251	1.76356515864244	-69.6862440716049	73.2133743888898
N8595	1.85241645655441	-79.5475141415495	83.2523470546583
N8893	1.71416971499065	-91.0516034293092	94.4799428592905
N8252	1.76249614324557	-54.8841724657503	58.4091647522414
N8598	1.81966867510587	-72.3870615778726	76.0263989280843
N9160	1.91838945618839	-89.6508485994855	93.4876275118622
N5786	1.78255420989833	-85.927291641072	89.4924000608687
N6222	1.76388836228664	-81.7454798311176	85.2732565556909
N6647	1.62827987246684	-87.4687009712927	90.7252607162264
N7069	1.53538685753688	-95.3796419250551	98.4504156401289
N6648	1.81944396033002	-85.9505724097998	89.5894603304598
N7070	2.17470090391844	-85.2218480507498	89.5712498585867
N7461	2.38283738156485	-75.0821460496423	79.847820812772
N2829	5.62443044429468	-104.50222054469	115.75108143328
N3165	4.87048506780125	-106.028638488706	115.769608624308
N3863	2.50788003151695	-113.885755655847	118.901515718881
N4227	2.09974187333868	-112.60716827613	116.806652022808
N5336	1.80383661479086	-85.4660889749559	89.0737622045376
N3865	4.01318745054488	-112.119410088804	120.145784989894
N3163	4.04482803174328	-105.006688181921	113.096344245408
N3508	3.32898167590873	-106.437775812943	113.095739164761
N4221	2.53135157771002	-93.1316163773435	98.1943195327635
N4586	2.31335741187573	-89.1213632469891	93.7480780707406
N4949	2.08102992840661	-71.0652318588468	75.22729171566
N5332	1.98551706140661	-73.8658583931381	77.8368925159513
N4948	2.56384134243189	-90.5118658407784	95.6395485256422
N5331	2.15216531502448	-64.8020742069793	69.1064048370283
N3509	3.13970245405667	-112.6414233224	118.920828230513
N4951	1.77297870565978	-74.1650049986386	77.7109624099582
N5333	1.57580924126121	-66.1470251625799	69.2986436451023
N6201	1.33026900858251	-79.4598998025281	82.1204378196931
N6202	1.8970551914127	-64.6098820548387	68.4039924376642
N7448	1.77307384005716	-59.9765825050608	63.5227301851751
N4225	1.99283908068638	-114.379079361539	118.364757522912
N4590	1.98956385925705	-88.1028166584325	92.0819443769466
N4953	1.31590047522883	-74.531560112146	77.1633610626036
N5335	1.13298901135119	-87.3062972718232	89.5722752945256
N8240	0.881688251101289	-42.3853719895838	44.1487484917864
N604	4.38749803646172	-112.318456686605	121.093452759529
N778	4.02451960453702	-153.338276548339	161.387315757413
N779	3.78728564953542	-119.865362958087	127.439934257157
N965	3.25108790650451	-131.895726447691	138.3979022607
N1372	2.45309738492786	-129.232572032741	134.138766802597
N1618	2.17405171827687	-133.889663933814	138.237767370368
N1883	2.05520661778535	-107.268492384289	111.37890561986
N966	3.36069686795654	-149.277464517191	155.998858253104
N1153	2.12483236642371	-179.877815808803	184.127480541651
N1154	2.66955957756802	-147.593884575431	152.933003730567
N1374	1.54062889609531	-101.669803225782	104.751061017973
N1620	1.38097047061756	-84.3199060030074	87.0818469442426
N1375	2.80839030803054	-119.624299552311	125.241080168372
N1622	2.5122389337141	-106.872248375075	111.896726242503
N1888	2.21617631663118	-113.86137934506	118.293731978323
N2178	2.0396695234283	-140.50840489179	144.587743938647
N2479	2.19878338472471	-133.44465816867	137.84222493812
N2776	2.05032393006911	-136.36703554136	140.467683401498
N3103	0.770689979830342	-91.842572705484	93.3839526651447
N1889	2.33583956684546	-103.983675435026	108.655354568717
N2179	2.15212464030262	-100.014209225557	104.318458506162
N2481	1.83872266742851	-141.301256584108	144.978701918965
N2781	2.03627175100525	-124.870681904541	128.943225406552
N3458	1.76195590824885	-125.338355295371	128.862267111868
N3459	2.02979698652092	-155.395667842309	159.455261815351
N3094	3.65811228122141	-185.396621423195	192.712845985638
