taxid	length	width	volume	surface	order	class	phylum	superkingdom	rank	node	genome	gc	proteins	coding	rrnas
txid29	4.772786293262515	0.9859321078047492	3.3705644037254285	14.783214265299033	Myxococcales	Deltaproteobacteria	Proteobacteria	Bacteria	order	N1896	9378457.760140387	69.1443070534375	7740.635140386771	89.9664975720285	2.6351403867708334
txid112	1.7	1.05	1.168966991446677	5.607742886657783	Planctomycetales	Planctomycetia	Planctomycetes	Bacteria	order	N2737	6990685.245785001	55.200070714628566	5497.531499286058	86.18862220756469	1.8172135717714288
txid136	12.135256430367265	0.2576704886813382	0.6150805309821054	9.823438072170427	Spirochaetales	Spirochaetia	Spirochaetes	Bacteria	order	N330	2150248.1853142004	41.21623256758776	2105.195518281874	89.39412830931741	2.022048894118367
txid766	1.1762057847982872	0.3783705080280257	0.11710844765453393	1.3981393593369753	Rickettsiales	Alphaproteobacteria	Proteobacteria	Bacteria	order	N2197	1349902.272047895	37.027779602186584	1323.467169846089	80.74990142326199	1.5403405777963417
txid2037	1.5302900368222223	0.5715940869589309	0.33664153520054024	2.7479659738708104	Actinomycetales	Actinomycetia	Actinobacteria	Bacteria	order	N4377	2334778.4941272084	59.413031317873966	2014.932483372669	89.67721136285869	1.9050861123945206
txid2085	1.0	0.3499999999999999	0.08498662626429886	1.0995574287564276	Mycoplasmatales	Mollicutes	Tenericutes	Bacteria	order	N3035	1200532.6940735755	28.514073575424998	2043.6940735754251	69.56374208012353	1.944073575425
txid2158	3.747017185944873	0.4195087760643951	0.4942714936274297	4.938290206482548	Methanobacteriales	Methanobacteria	Euryarchaeota	Archaea	order	N170	2162206.3183320793	35.92156737318823	2128.7006850202474	85.4883235717861	1.906567373188235
txid2191	3.4838264689152862	0.6607759132153711	1.0288480974408831	7.232036189891375	Methanomicrobiales	Methanomicrobia	Euryarchaeota	Archaea	order	N180	2359873.9576060125	56.08698101250626	2518.0201060125064	87.64300567582427	1.48885601250625
txid2231	2.2	0.4	0.2597049926967563	2.7646015351590183	Archaeoglobales	Archaeoglobi	Euryarchaeota	Archaea	order	N179	2040334.8828221937	44.5861555273619	2321.6923460035523	91.740868746709	0.9304412416476191
txid2258	1.15	1.15	0.7963282878380625	4.1547562843725006	Thermococcales	Thermococci	Euryarchaeota	Archaea	order	N69	1963420.9348676824	47.39960452441579	2160.4611834717844	91.92996636530961	1.1980255770473685
txid2281	1.197911219236287	1.197911219236287	0.900062192755325	4.508158092028629	Sulfolobales	Thermoprotei	Crenarchaeota	Archaea	order	N624	2352473.3711289777	37.94765529405474	2601.4763921361596	88.23885788981934	1.2974447677389476
txid2419	2.6310539914302646	0.5573904351649863	0.5936582850035951	4.607222059006754	Thermotogales	Thermotogae	Thermotogae	Bacteria	order	N93	1940006.1266523527	43.556652352930435	1931.9527393094522	94.81190782095267	1.5614349616260872
txid31932	0.7208434242404262	0.2736785217080362	0.03680294950362839	0.6197713966545495	Nitrosopumilales		Thaumarchaeota	Archaea	order	N468	1510187.0983474518	34.490521364630446	1913.8374778863695	90.44543102237765	1.0983474515869565
txid32064	5.2915026221291805	0.6	1.4395884510072787	9.9742474584793	Chloroflexales	Chloroflexia	Chloroflexi	Bacteria	order	N1780	5396665.0768465735	58.055735462866664	4894.076846573978	86.64172801979333	2.2990687962
txid32069	2.028443348998134	0.4356461325496245	0.2789813928266541	2.7761735919719763	Aquificales	Aquificae	Aquificae	Bacteria	order	N1618	1651494.6610226482	39.410189314916664	1770.3276893149168	95.29028275531205	2.077689314916667
txid53433	8.205607902977762	0.6487154116716349	2.5896733463709034	16.72302539080645	Halanaerobiales	Clostridia	Firmicutes	Bacteria	order	N437	2636327.254290528	34.90017288132941	2510.4307611166237	88.58970182102675	2.2542905283882355
txid68933	3.061388897676031	0.42156396638791416	0.40536802132159133	4.054449146499528	Thermales	Deinococci	Deinococcus-Thermus	Bacteria	order	N577	2642588.186606729	66.8918698876895	2683.818185677164	93.09639615383011	2.2918698876894736
txid69541	2.3028760286808923	0.5285235789610623	0.464867194853685	3.8237086983823723	Desulfuromonadales	Deltaproteobacteria	Proteobacteria	Bacteria	order	N4914	3744864.55210429	55.07210429007692	3456.5905658285383	89.6906938802185	1.6674889054615383
txid72274	1.955290298874491	0.5985990692648265	0.4884046084572402	3.6770298500028713	Pseudomonadales	Gammaproteobacteria	Proteobacteria	Bacteria	order	N6276	5154426.661885116	61.69983966154773	4716.320976025184	89.15439255632474	3.502794207002273
txid80840	1.61870577289174	0.6338079403488581	0.4373652393067217	3.2231124965906406	Burkholderiales	Betaproteobacteria	Proteobacteria	Bacteria	order	N2831	4672411.363626009	61.470999746331316	4279.696959342291	89.88866378755142	2.4747371200686867
txid84993	1.1025456661427564	0.4752649522728906	0.1652950661644268	1.6461986766426209	Acidimicrobiales	Acidimicrobiia	Actinobacteria	Bacteria	order	N1550	2507463.428289401	55.37543225823809	2497.333051305857	91.17872862400662	1.1425751153809525
txid84999	1.6507226655885423	0.5946035575013605	0.4031482705080664	3.0835535181598077	Coriobacteriales	Coriobacteriia	Actinobacteria	Bacteria	order	N1313	1903599.8590308053	56.00833313102326	1664.440426154279	88.32412052267988	1.6497284798604654
txid85001	2.1213203435596424	1.224744871391589	2.018165466403381	8.162097139053978	Sphaerobacterales	Thermomicrobia	Chloroflexi	Bacteria	order	N2053	3434308.446550117	63.911550117025	3277.4465501170253	87.58004595825051	1.9465501170250001
txid85004	1.830160578281278	0.6512423520594303	0.5285783445272609	3.744395418991672	Bifidobacteriales	Actinomycetia	Actinobacteria	Bacteria	order	N4376	2156554.107582842	57.49572237696511	1763.3633967955698	87.08113203685424	2.3633967955697672
txid85007	1.3303063481124648	0.6250746844275286	0.33710132221501377	2.6123625335915865	Corynebacteriales	Actinomycetia	Actinobacteria	Bacteria	order	N3654	4249185.3409720715	62.83641651640073	3991.7743054052894	90.35552946694365	2.5039350349192597
txid85008	1.0835873995636014	0.5961401575554758	0.2437030196008877	2.029374490517689	Micromonosporales	Actinomycetia	Actinobacteria	Bacteria	order	N3999	8348444.267775856	71.18825204479523	7573.267775854319	89.89720499105951	2.553490140033334
txid85009	1.4074186685047991	0.5452963139284112	0.2775229205657945	2.4110473642234638	Propionibacteriales	Actinomycetia	Actinobacteria	Bacteria	order	N3312	4042741.92914333	69.11914332988276	3815.411901950573	91.51156633814995	1.7567295367793105
txid85011	0.8801576558777033	0.6261839017961628	0.20511291366220655	1.7314591191648965	Streptomycetales	Actinomycetia	Actinobacteria	Bacteria	order	N4362	8486721.936332041	72.15346382393642	7523.099122738665	87.64700597744935	3.2231537464170548
txid85012	1.2321896125859393	0.6537886189477581	0.33349151647196545	2.530840479862412	Streptosporangiales	Actinomycetia	Actinobacteria	Bacteria	order	N3657	7183776.818677523	71.62329290933592	6556.228933934976	87.30446959530373	1.6648313708743592
txid91347	2.0615048414943278	0.8383141871245502	0.9734529789905548	5.429265098140224	Enterobacterales	Gammaproteobacteria	Proteobacteria	Bacteria	order	N7949	3869183.0921632564	47.09564897006744	3654.012163255783	84.9058605415244	3.360734684353142
txid118964	1.8858719600600042	1.2894573752553755	1.8429209462301392	7.6395726719043875	Deinococcales	Deinococci	Deinococcus-Thermus	Bacteria	order	N578	3757236.2659056038	67.10545105798184	3720.265905603437	88.27736309107719	2.5840874216181815
txid118969	1.4182181902032591	0.6245847735921135	0.3671700895305783	2.7828148784573536	Legionellales	Gammaproteobacteria	Proteobacteria	Bacteria	order	N3889	2903019.0717592225	39.880220760995726	2669.6529558037305	89.32708298144303	1.5076566584316236
txid119069	2.2803508501982757	0.3741657386773941	0.23699366986663356	2.680498461852394	Hydrogenophilales	Hydrogenophilalia	Proteobacteria	Bacteria	order	N4599	2240027.514548932	65.54454893190001	2163.0145489319	94.0048209902397	1.0145489318999998
txid135614	1.799072502660503	0.4763211955741192	0.28948545250199115	2.692144990108735	Xanthomonadales	Gammaproteobacteria	Proteobacteria	Bacteria	order	N4974	3979765.6991151692	67.27808575829263	3551.699115170057	89.16093752831877	1.8314681112338234
txid135618	1.948529139608345	1.1878171109143751	1.6966151242955876	7.271204425632192	Methylococcales	Gammaproteobacteria	Proteobacteria	Bacteria	order	N4983	4297814.93701219	52.557012190369576	4165.067446972979	86.94684694135276	2.2413600164565217
txid135623	1.9283498306458993	0.7627899613292178	0.7569011534186033	4.621049978630835	Vibrionales	Gammaproteobacteria	Proteobacteria	Bacteria	order	N6722	4587714.919731635	45.57109527124395	4367.631852847002	86.88436388283255	4.010640725789394
txid186826	2.0744932352847893	0.7537928311267947	0.7742089752230454	4.912628218137747	Lactobacillales	Bacilli	Firmicutes	Bacteria	order	N3048	2199368.230251642	41.371703584316975	2207.0646074697975	87.63276087180401	2.4817853839079755
txid188710	1.4217842556092035	0.5240921009721671	0.2660863837585448	2.340944877914135	Thermodesulfobacteriales	Thermodesulfobacteria	Thermodesulfobacteria	Bacteria	order	N3841	1946657.327898609	39.33880769955454	1914.509716790464	93.41141094574708	1.5097167904636364
txid189769	3.7416573867739413	0.12247448713915887	0.043599406408210535	1.4396586137792406	Chrysiogenales	Chrysiogenetes	Chrysiogenetes	Bacteria	order	N963	2876769.145039377	53.22503937645	2603.14503937645	91.45161582463328	2.6450393764499998
txid189772	1.2	0.7	0.3720169300625912	2.638937829015426	Herpetosiphonales	Chloroflexia	Chloroflexi	Bacteria	order	N1779	5800368.543767148	56.017100481	5003.5437671476675	89.08924461212268	2.877100481
txid191393	2.308667154536208	0.4045391320890647	0.2781350157885499	2.9340785426920477	Deferribacterales	Deferribacteres	Deferribacteres	Bacteria	order	N964	2666200.006175273	38.981889559414284	2498.577603845129	91.60239981940619	2.1490324165571426
txid200644	2.1880048981985842	0.4679294223746627	0.3433743307672529	3.2164626755445487	Flavobacteriales	Flavobacteriia	Bacteroidetes	Bacteria	order	N4526	3616635.281415931	36.74949153199484	3244.783134143678	90.47009688862266	2.113031050895189
txid200666	1.7014141897006825	0.5355846751762564	0.3376231227825088	2.862780597411169	Sphingobacteriales	Sphingobacteriia	Bacteroidetes	Bacteria	order	N4895	5504212.133891262	40.770557929875366	4810.264326045818	89.63050831452074	1.9309927124840585
txid203487	10.000000000000002	0.4898979485566356	1.854174396229992	15.39059796194237	Dictyoglomales	Dictyoglomia	Dictyoglomi	Bacteria	order	N21	1904804.4107785325	34.2674451992	1856.0774451992002	93.99001523924441	2.410778532533333
txid203491	2.0088452889693715	0.4592449636317307	0.28845499252695184	2.89828284234262	Fusobacteriales	Fusobacteriia	Fusobacteria	Bacteria	order	N65	2314016.8445688593	30.743457748469446	2254.3723466373585	90.34303495821035	2.427902192913889
txid204433	1.7797854404913802	0.6518287654614523	0.5140642312448986	3.6446098497610535	Acidobacteriales	Acidobacteriia	Acidobacteria	Bacteria	order	N3465	4748172.204952045	58.19767931742728	4108.386770226519	89.10071190784085	1.1140429537909091
txid204441	1.9630104978259195	0.7333298766279542	0.7022053450951651	4.522430212421614	Rhodospirillales	Alphaproteobacteria	Proteobacteria	Bacteria	order	N3159	4239774.2526788395	61.018408006346874	3970.877678839681	89.19689643633983	2.377678839680208
txid204455	1.7274842959396293	0.6701985852483893	0.5202675264884594	3.637202554585645	Rhodobacterales	Alphaproteobacteria	Proteobacteria	Bacteria	order	N4218	4021168.7869779733	61.36708667001251	3934.2815431917516	90.56979177153057	1.9989344960994564
txid204457	1.389728568625311	0.5370059110599279	0.2696698264620475	2.3445468975781005	Sphingomonadales	Alphaproteobacteria	Proteobacteria	Bacteria	order	N4217	3873044.385298959	63.4010884326158	3661.543193695774	90.84652198523156	1.8414393098087718
txid204458	1.905045038380448	0.5579978337517342	0.4152297062698879	3.3395475627860374	Caulobacterales	Alphaproteobacteria	Proteobacteria	Bacteria	order	N5754	3983580.9637137414	66.56110504524783	3766.2680615669865	90.42036371438185	1.6593659148130435
txid206351	1.6576681953967711	0.5820661980183711	0.3809232432346925	3.0312367474300177	Neisseriales	Betaproteobacteria	Proteobacteria	Bacteria	order	N2828	3227780.1593458303	56.15028922679999	3075.366893000385	87.29628003670796	2.140477906045283
txid213113	1.7368487567540067	0.5425826830234937	0.3582048587077918	2.9605868348728577	Desulfurellales	Deltaproteobacteria	Proteobacteria	Bacteria	order	N1153	1744179.2434238852	37.53142388486	1762.84342388486	95.54567547121198	1.64342388486
txid213115	2.419327758504496	0.5904649707959574	0.6038200593557328	4.48785399472758	Desulfovibrionales	Deltaproteobacteria	Proteobacteria	Bacteria	order	N2809	3620392.741744016	54.568744015789996	3289.675077349123	87.7319427772547	2.3084106824566666
txid213481	0.95	0.5	0.15380714033200027	1.4922565104551515	Bdellovibrionales	Oligoflexia	Proteobacteria	Bacteria	order	N1897	3407289.240985914	45.781755144738455	3274.317908990893	93.05155285791821	1.3179089908923074
txid213849	1.9900117183563135	0.4478815351150197	0.2868622180145645	2.800068555833913	Campylobacterales	Epsilonproteobacteria	Proteobacteria	Bacteria	order	N1375	2035809.0002678505	37.741669719547666	2089.0843799999216	92.97302980110835	2.177837943846729
txid225057	1.3643500455889714	1.0298835719535588	0.8352306945089237	4.414320004923943	Acidithiobacillales	Acidithiobacillia	Proteobacteria	Bacteria	order	N1639	3456046.0272159516	56.105215952125015	3771.227215952125	89.95631852007708	1.3772159521250003
txid235899	1.347094970635097	0.5185373883718335	0.24522659207112424	2.194462497965373	Nautiliales	Epsilonproteobacteria	Proteobacteria	Bacteria	order	N1374	1660354.095230351	30.785230350799996	1805.4285636841332	92.70158208423983	4.0952303508
txid255473	1.4295196269765478	0.6563046383179032	0.4050166959725954	2.947443364072816	Parvularculales	Alphaproteobacteria	Proteobacteria	Bacteria	order	N5326	3128573.6295875628	64.1795875628	2915.6295875628	91.53412730413768	1.1295875627999998
txid278081	0.8	0.8	0.26808257310632905	2.010619298297468	Lentisphaerales	Lentisphaeria	Lentisphaerae	Bacteria	order	G000170755	6023180.0	40.95	4965.0	88.38628432157101	3.0
txid292629	100.00000000000004	0.30476168981692764	7.287045259642579	95.743708582447	Anaerolineales	Anaerolineae	Chloroflexi	Bacteria	order	N2951	2960706.3784191823	51.811050761489476	2708.799471814121	90.71967677417854	1.378419182542105
txid332160	1.05	0.65	0.2765256033628516	2.144136986075034	Bryobacterales	Acidobacteriia	Acidobacteria	Bacteria	order	N3464	7468597.862444858	59.2024448576	6352.862444857601	91.84369474690637	2.1957781909333334
txid362534	2.022853836677498	0.5334119473886842	0.40226808270492026	3.389823725681576	Kordiimonadales	Alphaproteobacteria	Proteobacteria	Bacteria	order	G000375545	4082245.0	57.51	3724.0	91.3758238420281	1.0
txid388448	1.4142135623730951	0.8366600265340756	0.6241785562578653	3.7171825569273698	Ktedonobacterales	Ktedonobacteria	Chloroflexi	Bacteria	order	N1536	2734499.390991905	53.397658571183335	2669.5576585711833	86.89907445954742	0.3909919045166666
txid414714	1.7460803214421976	0.6546877610394285	0.4807662760331837	3.5912721089031963	Catenulisporales	Actinomycetia	Actinobacteria	Bacteria	order	N4361	10193334.63824719	70.15324719	8816.13824719	88.21027765477209	3.6382471900000004
txid415000	0.5477225575051661	0.5477225575051661	0.08603605814318215	0.9424777960769378	Opitutales	Opitutae	Verrucomicrobia	Bacteria	order	N2445	5054253.711377178	62.3928057489	4143.2828057489005	89.33373054553996	1.425662891757143
txid415001	0.9329199906264262	0.8362150777608833	0.3526734904727329	2.4508247979955	Puniceicoccales	Opitutae	Verrucomicrobia	Bacteria	order	N2446	2120096.3584364937	47.63065871598889	1963.1362142715443	90.77270940692055	1.0251031604333332
txid475963	100.00000000000004	0.5	19.60222916146132	157.0796326794897	Caldilineales	Caldilineae	Chloroflexi	Bacteria	order	G000281175	5144873.0	58.77	4162.0	89.67329222703844	2.0
txid485256	3.831547161967767	0.4188859364120028	0.5050848500678834	5.042197212564458	Natranaerobiales	Clostridia	Firmicutes	Bacteria	order	G000020005	3191453.0	36.31	2981.0	87.40492183340942	4.0
txid510684	0.85	0.25	0.037633661996127735	0.667588438887831	Sneathiellales	Alphaproteobacteria	Proteobacteria	Bacteria	order	G000616095	3629390.0	46.94	3852.0	90.83592559631231	1.0
txid570264	1.9078784028338915	0.5291502622129179	0.38077563408368215	3.1716085517589128	Methanocellales	Methanomicrobia	Euryarchaeota	Archaea	order	N374	2838663.1615886055	54.2482552719	2895.4949219385667	87.28838184126927	2.494921938566667
txid596497	2.25	0.4	0.2659881780039359	2.827433388230814	Nitriliruptorales	Nitriliruptoria	Actinobacteria	Bacteria	order	G000969705	5558097.0	72.06	5218.0	91.08646358636778	1.0
txid622450	1.45	0.55	0.3009383962751223	2.50542014123786	Actinopolysporales	Actinomycetia	Actinobacteria	Bacteria	order	N5069	4982180.061418618	68.58475195146667	4538.061418618133	84.69164040255238	4.061418618133334
txid622452	1.2434240239077134	0.9934256065179792	0.6929641857448227	3.8806500166203417	Kineosporiales	Actinomycetia	Actinobacteria	Bacteria	order	N3314	5724684.185330653	73.66533065276667	5246.851997319433	90.13696762327784	2.5186639861
txid649776	2.970510194290134	0.7142571613250063	1.0701338315016036	6.665542828398363	Synergistales	Synergistia	Synergistetes	Bacteria	order	N95	2141569.1644800142	54.65698001410938	2075.1332300141094	91.9667251186886	2.351980014109375
txid693072	4.95	0.3	0.3428262983229862	4.665265090580842	Caldisericales	Caldisericia	Caldiserica	Bacteria	order	N59	1389820.213927478	35.678927477900004	1410.7139274779001	91.81461675955714	0.7139274779
txid742030	1.2365396592744562	0.5594122904254923	0.2554534116414067	2.1731511116097613	Salinisphaerales	Gammaproteobacteria	Proteobacteria	Bacteria	order	N4608	4021322.0959257493	62.7109257498	3685.0959257498	88.76099446867764	1.0959257498000001
txid768507	2.5609480522712165	0.5874405036180579	0.629370338443358	4.726226482005185	Cytophagales	Cytophagia	Bacteroidetes	Bacteria	order	N4896	5517608.610749907	45.31589009401309	4709.778974206163	88.78925143446214	1.9098153276579437
txid768667	1.4142135623730951	0.8660254037844386	0.6629968605077357	3.847649490485592	Thermogemmatisporales	Ktedonobacteria	Chloroflexi	Bacteria	order	N1535	5582230.512348916	61.0223489169	4454.5123489169	82.705050940522	2.0123489169
txid795748	4.723156822715971	0.2719393264843193	0.2676846733101311	4.03509957120083	Ignavibacteriales	Ignavibacteria	Ignavibacteriae	Bacteria	order	N4155	3424888.512062423	36.9384260593091	3165.1029715138548	91.65817453482904	0.6484260593090909
txid871006	0.938083151964686	0.938083151964686	0.4322376870047302	2.764601535159018	Acidilobales	Thermoprotei	Crenarchaeota	Archaea	order	N1923	1487662.9429413804	54.337941380283326	1578.9429413802834	90.29680083790272	1.10960804695
txid909929	6.971326611987347	0.6916539965516129	2.5125088872625274	15.147961536022189	Selenomonadales	Negativicutes	Firmicutes	Bacteria	order	N1117	3186431.4672904424	49.711457109158324	2994.661734886936	89.10866054156597	1.9950682202694447
txid1077263	2.7386127875258306	0.5916079783099616	0.6986065964643196	5.089961841984629	Chthonomonadales	Chthonomonadetes	Armatimonadetes	Bacteria	order	N1097	3388193.643477722	57.5709777222625	3019.643477722262	91.08687179843605	1.7684777222625
txid1100069	2.29128784747792	0.5	0.4171683933311191	3.5991465344481024	Bacteroidetes Order II. Incertae sedis		Bacteroidetes	Bacteria	order	N4160	3457696.539473166	64.83947316606667	2909.8728064994007	88.77259634681388	1.2061398327333333
txid1202465	0.65	0.15	0.01060287520586555	0.3063052837250048	Dehalococcoidales	Dehalococcoidia	Chloroflexi	Bacteria	order	N3634	1413672.7682466882	47.54120965091852	1479.5089874286964	90.5022890093634	0.9904689101777779
txid1240482	1.2884187516294856	0.6223329772884784	0.316426825999363	2.5190090301905097	Orbales	Gammaproteobacteria	Proteobacteria	Bacteria	order	N8333	2484471.297007259	35.020165153821054	2297.4022704169793	85.42972264897674	3.454901995926316
txid1485951	1.4168718272132783	0.5921666895600207	0.3342407130996449	2.635872575340924	Desulfurobacteriales	Aquificae	Aquificae	Bacteria	order	N1617	1640631.6267627913	41.396762791425004	1691.126762791425	94.95517895450648	1.626762791425
txid1643682	1.3546227777179063	0.9185993571014508	0.6715739112980394	3.9092584513952713	Geodermatophilales	Actinomycetia	Actinobacteria	Bacteria	order	N3307	4858038.133694779	72.83869477974167	4652.633694779742	91.12252829756619	1.8003614464083333
txid1643684	1.2353356810731355	0.8188237133085804	0.4935100003902925	3.177790553997562	Nakamurellales	Actinomycetia	Actinobacteria	Bacteria	order	N3309	5940579.120045297	70.0500452971	5283.1200452971	90.85252134252968	1.6200452971
txid1643688	11.011963829446492	0.15874010519681994	0.21683620814582605	5.491630554322784	Leptospirales	Spirochaetia	Spirochaetes	Bacteria	order	N232	4327754.408410955	41.493053812292864	3988.551268098007	84.76357599304605	1.6584109551500001
txid1643822	1.3907635913994043	0.482716539830464	0.22329234218414146	2.109091227455244	Eggerthellales	Coriobacteriia	Actinobacteria	Bacteria	order	N1312	2418161.9175705663	58.196070566505	2063.6675705665048	87.92167376858825	2.1175705665049995
txid1643946	1.7320508075688774	0.9082951062292476	0.9258406586480956	4.9423952586469815	Kosmotogales	Thermotogae	Thermotogae	Bacteria	order	N139	2371523.9620969454	44.13209694535	2236.71209694535	89.9972437255694	1.71209694535
txid1643947	3.831182689217528	0.7093380449936764	1.3758737941624226	8.537603626970114	Petrotogales	Thermotogae	Thermotogae	Bacteria	order	N140	2022618.0172182142	31.200075357128572	1921.302932499986	91.26074492255427	1.5886467857000002
txid1644055	2.1014724645534346	0.8303408832405269	0.9546324286563616	5.481885979863742	Haloferacales	Halobacteria	Euryarchaeota	Archaea	order	N366	3301136.813262144	62.513976429488096	3332.122785953298	85.93481077600843	1.4561192866309525
txid1644060	2.650462227246681	0.7181861727038621	0.9391342578395347	5.980101170289638	Natrialbales	Halobacteria	Euryarchaeota	Archaea	order	N495	3872926.2545347945	63.59520146092667	3865.4545347942594	85.44143806974724	1.587868127593333
txid1692040	2.683281572999748	0.3872983346207417	0.30090749286193164	3.2648388556215924	Acidiferrobacterales	Gammaproteobacteria	Proteobacteria	Bacteria	order	G001705075	3252820.0	63.6	3271.0	87.64312196801546	1.0
txid1706369	1.9967670148896828	0.4859911580700436	0.3335475903094061	3.048636426585852	Cellvibrionales	Gammaproteobacteria	Proteobacteria	Bacteria	order	N5837	3840906.9637495014	51.440095656286545	3400.1560571947484	89.92621688122065	1.7714418101326923
txid1737405	4.844863163397833	0.8209414768059966	2.3666253120762195	12.495210777042233	Tissierellales	Tissierellia	Firmicutes	Bacteria	order	N2116	2231082.550391491	35.18896291956786	2159.3003914909964	89.76683167091285	2.103962919567857
txid1748771	2.4459875888944125	0.6915457968880453	0.8153671381430487	5.314043043462315	Blastocatellales	Blastocatellia	Acidobacteria	Bacteria	order	G000820845	3788560.0	59.37	3189.0	88.4981628903858	1.0
txid1769716	1.0669676460233537	0.5803009260803007	0.2308128579804856	1.9451557741677217	Mesoaciditogales	Thermotogae	Thermotogae	Bacteria	order	G000745455	2172469.0	39.85	2069.0	88.9280353367528	1.0
txid1775403	1.0950160501334156	0.5283143910324359	0.1970555512947428	1.8174513667569472	Nevskiales	Gammaproteobacteria	Proteobacteria	Bacteria	order	N4609	4291120.340983255	66.1547332556375	3856.3409832556376	91.13605263212443	1.4659832556375
txid1836787	1.4	0.9	0.6997897635871264	3.9584067435231383	Chthoniobacterales	Spartobacteria	Verrucomicrobia	Bacteria	order	G000173075	7848700.0	61.06	6700.0	88.50980417139144	1.0
txid1843488	1.6397691447073577	0.4733605785528177	0.2428217275764536	2.4385107240544777	Acidaminococcales	Negativicutes	Firmicutes	Bacteria	order	N1116	2279611.939672303	49.743005635775006	2120.439672302442	88.89210961626789	1.6063389691083334
txid1843489	0.7277645464270726	0.5709367862549524	0.1357748890196546	1.3053554706354729	Veillonellales	Negativicutes	Firmicutes	Bacteria	order	N931	2030689.008782674	44.651982674196006	1903.488782674196	87.67446637744126	1.9287826741960001
txid1853223	2.7503952508347305	0.3647520251607473	0.26762481997403953	3.1516841960579867	Balneolales	Balneolia	Balneolaeota	Bacteria	order	N4161	3742084.521122065	44.18540777970001	3238.806836351129	90.22298468796859	1.378264922557143
txid1853229	2.2987659968352987	0.5218141023037286	0.4402251391049432	3.7684299706366793	Chitinophagales	Chitinophagia	Bacteroidetes	Bacteria	order	N4894	5187014.172946361	43.74949808458965	4406.62122222252	90.67554691496674	1.4488084294172414
txid1921567	1.2649110640673518	0.2	0.037643957960791216	0.7947670612636881	Micropepsales	Alphaproteobacteria	Proteobacteria	Bacteria	order	G001644385	1314140.0	63.0	1345.0	91.17544553852709	1.0
txid1934945	0.56	0.3499999999999999	0.04265366525717641	0.6157521601035995	Immundisolibacterales	Gammaproteobacteria	Proteobacteria	Bacteria	order	G001697225	3243537.0	67.79	3055.0	90.77729034692685	1.0
txid1936988	2.4832670271478183	0.6121682952562003	0.6606385247120354	4.775777971901473	Saprospirales	Saprospiria	Bacteroidetes	Bacteria	order	N4893	6229794.113851823	47.48685182309	4881.11385182309	87.07852832217974	2.1138518230900005
txid1962852	6.92820323027551	0.2449489742783178	0.3226362360716736	5.33145952579004	Calditrichales	Calditrichia	Calditrichaeota	Bacteria	order	N3086	3422696.5576410317	46.08430769818333	3039.5576410315166	87.7159523275778	1.0576410315166667
txid1970189	7.0787906570969135	0.3354291873632878	0.6134316691627285	7.459501261779426	Marinilabiliales	Bacteroidia	Bacteroidetes	Bacteria	order	N6562	5206732.322133933	41.27880059971905	4286.607848218767	88.24167499494281	1.2745148854333335
txid2024973	3.6	0.6	0.9613273519984769	6.785840131753952	Silvanigrellales	Oligoflexia	Proteobacteria	Bacteria	order	G001907975	3506707.0	32.83	3069.0	90.28513075087255	5.0
txid2202723	0.4472135954999579	0.4472135954999579	0.046832098206938184	0.6283185307179586	Methanonatronarchaeales	Methanonatronarchaeia	Euryarchaeota	Archaea	order	G001914405	2141311.0	35.38	2076.0	73.84420105253278	1.0
txid2495578	1.3677823998673806	0.3080070288241023	0.09199367485261173	1.3235108658164738	Sporichthyales	Actinomycetia	Actinobacteria	Bacteria	order	G000384115	5500153.0	71.41	5201.0	91.82362745181815	1.0
txid2691354	1.2989225072281136	1.079017326437452	0.8422111678805302	4.403130257127662	Pirellulales	Planctomycetia	Planctomycetes	Bacteria	order	N2738	7073615.895144936	56.86903382469999	5615.339589380255	88.32015644831677	1.2840338247000003
txid2691355	2.5068327016838	2.316885495922313	7.2848678843624874	18.24650939016516	Gemmatales	Planctomycetia	Planctomycetes	Bacteria	order	N2735	9624132.183227018	63.323227017700006	8378.1832270177	86.30216641798154	2.1832270177
txid2691356	2.230456721286719	2.230456721286719	5.810052072466122	15.629226114141467	Isosphaerales	Planctomycetia	Planctomycetes	Bacteria	order	N2736	7430386.456332469	65.2713324688	5635.9563324688	85.4125807514184	4.7063324688
txid2770089	4.863333211360943	0.7336661659827984	1.95173753883239	11.209400605973673	Thermosediminibacterales	Clostridia	Firmicutes	Bacteria	order	N1118	2382791.7116346	41.625384600462496	2373.7116346004623	89.65943426095492	1.5866346004625
txid2800059	1.9159321110862584	0.5006918419319606	0.33850622406482056	3.0137033732043053	Maricaulales	Alphaproteobacteria	Proteobacteria	Bacteria	order	N6194	3088820.1314325705	59.2939325708125	2923.5064325708126	91.53290174247361	1.5064325708125
txid2800060	1.6049261846250231	0.5698375301958938	0.353761965871726	2.873134680665831	Hyphomonadales	Alphaproteobacteria	Proteobacteria	Bacteria	order	N6195	3634772.6149963397	57.86038095498462	3484.3842271088306	91.48255484768855	1.5380732626769231
txid2811503	3.3503689588345082	0.34641016151377546	0.3043242053006995	3.6461382524904526	Thermodesulfovibrionales	Thermodesulfovibrionia	Nitrospirae	Bacteria	order	N2804	2037236.5677411947	46.10867869484689	2155.1614911948473	91.71003211712771	0.5989911948468749
txid2887326	1.3527882119521102	0.8124284745468521	0.5485370486899579	3.4527474989785056	Moraxellales	Gammaproteobacteria	Proteobacteria	Bacteria	order	N4256	2674440.3140073437	42.09419082836421	2484.0938238558874	86.6431628772135	2.9837321127678904
txid2887327	2.1750678103415413	0.4700142160985002	0.3454127042315988	3.2116903565115233	Kangiellales	Gammaproteobacteria	Proteobacteria	Bacteria	order	N4258	2673657.5621130643	43.79711306465	2462.56211306465	90.53773969749619	2.06211306465
