Pathway name	ko	Number of genes	Alpha	Standard error	P-value alpha	Beta	Standard error	P-value beta	R squared adj	AIC
Biosynthesis of secondary metabolites	ko01110	2116	0.07884993368330262	0.0018533667289095614	4.000020819280261e-252	-0.0011040436878584233	0.0020420370192685594	0.5888319181572664	-0.0005206304057030486	-7097.190636053665
Microbial metabolism in diverse environments	ko01120	1281	0.051264526462844545	0.0016750669831501858	6.58916716680775e-157	-0.0009781665034163018	0.0018455865943809635	0.5961964017770168	-0.0005290273534659384	-7372.5227984732355
Carbon metabolism	ko01200	365	0.02593590656491144	0.0008710756729625172	2.1810141536061267e-150	-0.002040011912720555	0.0009597500284362401	0.033719352519272536	0.002580112787191946	-9152.383014600135
2-Oxocarboxylic acid metabolism	ko01210	82	0.007167435077179618	0.0003230828796197065	2.616383629654997e-93	0.000547938786094537	0.00035597229095803075	0.12397028285810278	0.0010058721506440715	-11852.116973142876
Fatty acid metabolism	ko01212	84	0.006424712767081066	0.00042752570631872947	2.4587212573914926e-47	-0.0008328013617928554	0.00047104725976462945	0.07728886180473526	0.0015606103073055877	-11089.669707551775
Biosynthesis of amino acids	ko01230	238	0.03037328010842351	0.0009550165060336999	2.187067241210217e-166	-0.00047683502015544946	0.0010522359276842793	0.6505032838512499	-0.0005846377430447358	-8901.959639289058
Nucleotide metabolism	ko01232	123	0.006625254875010397	0.00030439175582507076	2.364947494937601e-90	-0.0029602656380628813	0.0003353784353950609	3.251462023078049e-18	0.05352432831145981	-12014.330048155518
Biosynthesis of nucleotide sugars	ko01250	211	0.008681225727228944	0.0003089961293486586	2.586827514777758e-137	-0.0005232931864516323	0.0003404515280750176	0.12451228636803056	0.0010008665664693606	-11973.464095491596
Biosynthesis of cofactors	ko01240	375	0.032489979910413525	0.000899475530525916	7.799888425113407e-201	0.0015463056962192183	0.0009910409540700113	0.11892552512890772	0.0010536586836840112	-9065.053099568613
Degradation of aromatic compounds	ko01220	215	0.0021022603303606996	0.0002270593880943056	7.812734592325276e-20	0.0001642381505849246	0.0002501737345494693	0.5116159405772301	-0.00041856667311490625	-12812.158965853656
Glycolysis / Gluconeogenesis	ko00010	106	0.008531742387575064	0.00033447787452086546	1.359101987256257e-117	-0.0017464754234901214	0.00036852728132209843	2.3724708448888635e-06	0.01553340233212086	-11757.767420457876
Citrate cycle (TCA cycle)	ko00020	67	0.00569848835261989	0.00030335249598584317	3.5880311850822117e-70	-0.0013557461215229975	0.000334233380273892	5.2693959657674234e-05	0.01123517092809323	-12023.639451021409
Pentose phosphate pathway	ko00030	88	0.005668747598883195	0.0002231734984290929	8.620863043458491e-117	-0.0006868941947367709	0.00024589226643774475	0.005287667005016401	0.004977679124410717	-12859.146445617384
Pentose and glucuronate interconversions	ko00040	89	0.002595523326987945	0.00023550322135808488	4.088123051329954e-27	-0.0002311987218194824	0.00025947713891095434	0.3730773953278965	-0.00015155787066878368	-12712.770614312654
Fructose and mannose metabolism	ko00051	112	0.0036125661693808537	0.00024300042912420663	1.964085019944302e-46	-0.0009937658210809946	0.0002677375525467251	0.0002141764372411666	0.009307293856332222	-12627.466898521814
Galactose metabolism	ko00052	78	0.0040196977478157755	0.0003081826415292234	1.006953257084079e-36	0.00013380594864636358	0.0003395552282676998	0.6935967920194763	-0.0006214998632205759	-11980.639699162084
Ascorbate and aldarate metabolism	ko00053	62	0.0012174976463490725	0.00012020236954385506	2.7001223090515896e-23	-0.00014272805448284565	0.00013243881234275098	0.2813631382865602	0.00011867480321270385	-14543.445880837475
Starch and sucrose metabolism	ko00500	106	0.008842130078342112	0.0005356908297894699	6.327403167005921e-56	0.0013645713634110824	0.0005902234502485067	0.020928935051593642	0.003184785147324898	-10475.742297822277
Amino sugar and nucleotide sugar metabolism	ko00520	156	0.009340052203331818	0.00036531843342271775	4.882512796673985e-118	-0.000843615074229029	0.00040250736847385606	0.036275672913203015	0.002488494568872235	-11517.690664859801
Pyruvate metabolism	ko00620	133	0.011714141470044943	0.0003976925315253407	6.877474858131322e-148	-0.00048100093256927385	0.0004381771070958954	0.27251608617238765	0.0001507236355765551	-11286.566245634653
Glyoxylate and dicarboxylate metabolism	ko00630	104	0.008978953263159119	0.00044992492949976414	6.491318832485504e-78	-0.0003534526458679991	0.0004957266943444456	0.4759687718468325	-0.0003616251383127267	-10950.667164899069
Propanoate metabolism	ko00640	97	0.005645437978247108	0.0002894844345845956	7.0734727761468675e-75	-0.0012109587612248486	0.0003189535684994038	0.00015311907580945388	0.009767362903670973	-12151.012592194476
Butanoate metabolism	ko00650	114	0.0066775802999216975	0.0003956795772445614	3.6841674554056716e-58	-0.0006643602424501341	0.0004359592367223052	0.1277652273956043	0.000971323938727342	-11300.378864579163
C5-Branched dibasic acid metabolism	ko00660	29	0.002259452473978217	0.00012141630060121906	4.945071422487768e-69	6.91873246244455e-05	0.00013377631998185465	0.6051100436733577	-0.0005389064296961177	-14516.094119159914
Inositol phosphate metabolism	ko00562	76	0.0012377361706762957	0.00011151173870579302	1.8329365844036496e-27	-0.00011736891026788246	0.00012286348673918793	0.3396065084209706	-6.42997287008118e-05	-14747.723461028656
Oxidative phosphorylation	ko00190	223	0.008696335483258003	0.0003560155637472767	1.51182943284934e-109	-0.0004695387412814221	0.00039225747892616877	0.23150881892698819	0.0003181699920437042	-11587.90450594909
Photosynthesis	ko00195	63	0.0030739764369320677	0.0001480634864243753	2.2276970935912275e-83	0.0013033257805217244	0.00016313615420215948	2.8741747787939333e-15	0.044156566112473095	-13976.005759912614
Photosynthesis - antenna proteins	ko00196	42	0.0013494228185392347	8.31499684674331e-05	2.84150209155299e-54	0.0013463200245821755	9.161452566994759e-05	1.7506260525643077e-45	0.13648453840666952	-15546.587014689765
Carbon fixation in photosynthetic organisms	ko00710	36	0.0038943094951393673	0.00014646694878178623	9.28659213564736e-126	-0.0006697772395648888	0.00016137709113171105	3.5254566882753065e-05	0.011790002838523828	-14005.515905612765
Carbon fixation pathways in prokaryotes	ko00720	117	0.008572783709527805	0.00040633759787713213	1.0707428046066468e-85	-0.0007286032480411865	0.00044770222980853723	0.1038779858139289	0.0012106814797396837	-11228.029191748983
Methane metabolism	ko00680	195	0.009751106718730296	0.0008339842143306597	3.681123740708858e-30	0.001628232665101079	0.0009188827082003338	0.07662355359862962	0.0015709678541269145	-9270.829154548577
Nitrogen metabolism	ko00910	68	0.00597124890550579	0.00025913736554334884	1.9124243050088337e-99	0.0009534613853300515	0.0002855172078256666	0.000862288062901008	0.007409190087692807	-12452.455688816462
Sulfur metabolism	ko00920	109	0.004331603434378179	0.00026075906759589264	1.4713787699593297e-56	0.00013066656050356596	0.00028730399700983774	0.6493240098783306	-0.0005835423343660828	-12435.474278587246
Fatty acid biosynthesis	ko00061	39	0.004000582643839985	0.00018703862845958458	1.0165618781071212e-87	8.464473825668084e-05	0.000206078914329279	0.6813283542509594	-0.0006116187833513642	-13339.945075535265
Fatty acid elongation	ko00062	24	4.5174051842691705e-06	4.179483022465135e-06	0.2799544419503635	-2.021290941629679e-06	4.604948885803981e-06	0.6607756246729521	-0.0005939795810057102	-23686.614415727272
Fatty acid degradation	ko00071	59	0.003799651850089224	0.0003812767581206566	1.2601123798532177e-22	-0.0009316796836588445	0.00042009022959377696	0.02673274308746581	0.002873099865629336	-11401.308514080976
Cutin, suberine and wax biosynthesis	ko00073	14	1.8876118026147273e-05	1.0228093273206666e-05	0.06517980618530292	3.4866763970465367e-06	1.1269299688307355e-05	0.7570677319928107	-0.0006653498275963621	-21250.558836977245
Steroid biosynthesis	ko00100	34	5.3099721449936346e-05	1.711601927518638e-05	0.001959523179126693	-8.903822393769464e-06	1.8858407479349075e-05	0.6369021384269129	-0.0005717113178620448	-19849.06460134345
Primary bile acid biosynthesis	ko00120	18	3.679802550050315e-05	1.990675152388625e-05	0.0647442797412059	-4.9040575687649086e-05	2.1933232592922053e-05	0.02551995430289179	0.0029320112897903705	-19437.922501141005
Secondary bile acid biosynthesis	ko00121	15	4.833209677238493e-05	1.305238981199461e-05	0.00022165674517053076	-2.503965364196722e-06	1.4381105892463331e-05	0.8618010659339195	-0.0007135116684737763	-20586.845227043264
Steroid hormone biosynthesis	ko00140	47	2.790061275381172e-05	1.5933226460493873e-05	0.08015493363583608	-2.7622998081911726e-05	1.7555207914982222e-05	0.11583745186457735	0.0010840298222031253	-20043.98207110796
Glycerolipid metabolism	ko00561	91	0.003002274587706492	0.00019941605901444866	1.7183010378575265e-47	-0.00033310763178526036	0.00021971635100179825	0.12973160344986956	0.0009538682975579471	-13165.524143975525
Glycerophospholipid metabolism	ko00564	115	0.003323138556889969	0.00014410139683081712	1.410893951435095e-99	-0.0008609036184433268	0.0001587707291098116	6.955065990864827e-08	0.020456196434078144	-14049.837145475858
Ether lipid metabolism	ko00565	31	0.00010391290996909495	4.126233921048604e-05	0.01190478091609787	-0.00015960508536379535	4.5462790960428806e-05	0.00046158820600875083	0.008258319907615164	-17453.88050863135
Sphingolipid metabolism	ko00600	51	0.0013726711707910877	0.00026526860910556355	2.6260668690205064e-07	-0.000224492225734783	0.00029227260390184454	0.4425660167301054	-0.00030158710468786154	-12388.802693590625
Arachidonic acid metabolism	ko00590	51	6.502668682224473e-05	2.314068969311109e-05	0.005024275079647975	-5.076512395530243e-05	2.549638140560637e-05	0.0466729454263209	0.00217494063905177	-19028.17009690477
Linoleic acid metabolism	ko00591	25	3.876817644661401e-05	1.9085370040438152e-05	0.042418504007964805	-6.728867574504289e-05	2.1028235556998365e-05	0.0014064210244168732	0.006747898642606165	-19552.619065817074
alpha-Linolenic acid metabolism	ko00592	26	0.00025619189109161105	4.3510535482694334e-05	4.91789233135508e-09	-0.0001251204095537421	4.793985065013845e-05	0.009155169807757315	0.004255210532334686	-17309.470505713492
Biosynthesis of unsaturated fatty acids	ko01040	32	0.0003093460357194255	5.4627050811668624e-05	1.8141193330336393e-08	-0.00015457981337823142	6.018801258859506e-05	0.010326428960715341	0.0040978987761903785	-16690.144482202253
Purine metabolism	ko00230	220	0.011945295106541999	0.000383160712571364	2.051910019980924e-161	-0.002331356371661723	0.00042216596812460935	4.002285735611218e-08	0.021228237058042887	-11387.891760994462
Pyrimidine metabolism	ko00240	111	0.006792440578142213	0.000280404010277202	4.7491880434943616e-108	-0.001485677649764801	0.00030894876896505946	1.6873237527191823e-06	0.016007750275899513	-12237.762928110646
Alanine, aspartate and glutamate metabolism	ko00250	70	0.009621774302664494	0.0003112372332808577	2.364618691677828e-159	0.00019453166158277127	0.0003429207734338524	0.5706185140653786	-0.0004989214750117377	-11953.793075453423
Glycine, serine and threonine metabolism	ko00260	109	0.00825077363970882	0.0003326941669805384	2.611916017300666e-112	-0.0006320670209920765	0.00036656199470500283	0.08487904268460988	0.0014488168213357966	-11772.322177524722
Cysteine and methionine metabolism	ko00270	125	0.008493788843851338	0.0002563493897553117	5.909143216054009e-177	-7.934711313234727e-05	0.000282445419776819	0.7788076097520907	-0.0006777228865026963	-12481.899487372782
Valine, leucine and isoleucine degradation	ko00280	69	0.0046960861060245385	0.0005038078470524485	4.496050954311693e-20	-0.0020726917199010183	0.0005550948218890219	0.00019629834661218752	0.009426703985390583	-10642.770328796729
Valine, leucine and isoleucine biosynthesis	ko00290	19	0.003914853562348818	0.00019141133215655657	2.866086838223984e-81	0.00027350268833022134	0.00021089675349959954	0.19490092784723761	0.0005010981081222665	-13277.040964514834
Lysine biosynthesis	ko00300	48	0.00446561067656128	0.00016218262214206286	5.402185314272388e-133	0.00014365951211816564	0.00017869259932759793	0.42156775608384456	-0.0002601176617968992	-13728.08095503857
Lysine degradation	ko00310	98	0.002739147122432973	0.00026325585413288286	1.8970504785617685e-24	-0.0008645609387783668	0.00029005495312565467	0.0029272280637926093	0.005763975195378412	-12409.534924177917
Arginine biosynthesis	ko00220	60	0.0048521669804097375	0.00019895285569872131	2.899577704591406e-109	0.00013057576545046835	0.0002192059941990085	0.5514908326994119	-0.0004746148715097931	-13171.854155916999
Arginine and proline metabolism	ko00330	107	0.005817857563739808	0.00028819459120383114	1.8086702561329164e-79	0.0007160785265481857	0.0003175324207624262	0.02428341285328498	0.0029951452364359588	-12163.167991162542
Histidine metabolism	ko00340	47	0.0031189399240696093	0.0001436608282393798	5.763578740637199e-90	3.7261874349177507e-05	0.00015828531121641316	0.8139263399775206	-0.0006950285691926794	-14058.172003483034
Tyrosine metabolism	ko00350	84	0.0026681316014472893	0.00014685165368215342	3.2942047151956294e-66	0.0003781097880939004	0.00016180095848391393	0.01958994010561836	0.003269436498783973	-13998.375769730175
Phenylalanine metabolism	ko00360	74	0.0035651502551402566	0.0002665771336937162	2.0557977573692562e-38	-0.0004733872745865217	0.0002937143345685017	0.1072535932768561	0.0011733740669120918	-12375.408542507932
Tryptophan metabolism	ko00380	80	0.0035617038716880033	0.00031132303979623127	5.312083082523909e-29	-0.0012314566472997114	0.00034301531493940236	0.0003423270373466885	0.00866598165785104	-11953.042737385202
Phenylalanine, tyrosine and tryptophan biosynthesis	ko00400	74	0.005659725177115169	0.00024186592691230683	4.9649870106480705e-102	0.00021677217825561633	0.00026648755950487064	0.4161071669381756	-0.00024882078083821035	-12640.20492671431
beta-Alanine metabolism	ko00410	46	0.001970340040272873	0.00016477635806907634	2.0949277563755885e-31	7.330748486370688e-05	0.0001815503741535681	0.686433678024482	-0.0006157884699955485	-13684.89329097606
Taurine and hypotaurine metabolism	ko00430	29	0.0015044139413387387	0.00010284458838473557	4.1281491218257015e-45	-0.00017591381520879433	0.0001133140319383144	0.1207885892476081	0.0010357539187266784	-14967.962841265778
Phosphonate and phosphinate metabolism	ko00440	44	0.00037316444517218025	6.13695077416506e-05	1.553143357787737e-09	1.9857953878811113e-05	6.761684274783058e-05	0.7690445749635009	-0.0006723267026851332	-16373.34750901895
Selenocompound metabolism	ko00450	33	0.0029570239728886776	0.00012203075762109352	4.14501825607634e-108	-0.0006190085617547942	0.00013445332791652893	4.53447867206029e-06	0.014632575030075867	-14502.353509008428
Cyanoamino acid metabolism	ko00460	36	0.0014505064230367047	0.0001406860155135177	4.74548977902073e-24	-0.0005218612085547908	0.00015500766647571164	0.0007820408268017665	0.007541614020087795	-14115.12875094309
D-Amino acid metabolism	ko00470	55	0.0035012266612612464	0.0001774827817220489	2.234132874335434e-76	0.0003074192518242764	0.0001955502949879869	0.11616649711201348	0.0010807513872922447	-13482.691015457802
Glutathione metabolism	ko00480	57	0.003949647531556572	0.00021011299349182197	2.9676040880944023e-70	0.0005545830397973761	0.00023150221931094733	0.01672851926279853	0.0034723297852091717	-13023.294038581464
N-Glycan biosynthesis	ko00510	48	0.00026785265321800417	3.768106927854302e-05	1.890300247980907e-12	7.976236880930941e-05	4.151695246934737e-05	0.05491547831048772	0.0019747759367132467	-17701.01734858728
Various types of N-glycan biosynthesis	ko00513	55	0.00022139896578024181	8.335971705074841e-05	0.008001129020187497	-0.00018894805615621732	9.184562638260632e-05	0.03985407088934421	0.0023709949451233836	-15539.729324171734
Mucin type O-glycan biosynthesis	ko00512	15	0.0	0.0		0.0	0.0			-inf
Mannose type O-glycan biosynthesis	ko00515	21	9.771543586288873e-05	2.025335845187209e-05	1.5607095531632037e-06	2.4171161856113415e-05	2.2315123649366383e-05	0.2789233351127563	0.00012738518652155584	-19390.936201298195
Other types of O-glycan biosynthesis	ko00514	31	0.0008238592185104671	6.534932408360766e-05	1.5253287189482842e-34	0.0006851739995603981	7.20017991482014e-05	7.875514318126365e-21	0.0617813825002802	-16202.313356164377
Glycosaminoglycan biosynthesis - chondroitin sulfate / dermatan sulfate	ko00532	18	-2.710174874540844e-06	3.846092077424749e-06	0.48114458935496107	-4.5574538115213465e-06	4.237619181950957e-06	0.28235297989955943	0.00011516808696943048	-23912.894199738916
Glycosaminoglycan biosynthesis - heparan sulfate / heparin	ko00534	22	6.740171943265696e-06	5.7230672300644256e-06	0.239114365256085	1.5013959397006404e-06	6.305667931370643e-06	0.8118374108644075	-0.0006940896255787088	-22831.042641690285
Glycosaminoglycan biosynthesis - keratan sulfate	ko00533	14	0.0	0.0		0.0	0.0			-inf
Glycosaminoglycan degradation	ko00531	15	0.0006237499917444128	0.0001510547702972721	3.8604726538845164e-05	-0.00046840293626022303	0.0001664319468309557	0.004957590292648588	0.005063015818966843	-13921.562101173111
Glycosylphosphatidylinositol (GPI)-anchor biosynthesis	ko00563	27	-2.155038109275177e-06	1.7629556843333177e-06	0.2217681282815888	-3.6039396013955325e-06	1.942422249511657e-06	0.06375777761270186	0.0017927000321086295	-26036.233365529897
Glycosphingolipid biosynthesis - lacto and neolacto series	ko00601	28	0.0	0.0		0.0	0.0			-inf
Glycosphingolipid biosynthesis - globo and isoglobo series	ko00603	16	0.00047852249223787464	0.0001196665339222864	6.708943897824057e-05	-0.0002424446573266006	0.000131848429361111	0.06616071898854117	0.001747847534670277	-14555.607081951659
Glycosphingolipid biosynthesis - ganglio series	ko00604	14	0.00018826453292874237	8.099194161882547e-05	0.02024628063349531	-0.00019213419928758993	8.923681453232238e-05	0.03148773375731757	0.0026662274274482645	-15618.16517004299
Other glycan degradation	ko00511	22	0.0017634350482024254	0.00034880778094320347	4.875431555080331e-07	-0.0001213984630607316	0.00038431595333213555	0.7521406363783552	-0.0006623638837455204	-11643.57879345099
Lipopolysaccharide biosynthesis	ko00540	62	0.001578353882562643	0.00027144712044434993	7.56634529247511e-09	-0.0010864252909530505	0.0002990800795519527	0.00029107203887783093	0.008887558016816843	-12326.130221381403
O-Antigen repeat unit biosynthesis	ko00542	35	0.0002493743178318267	2.083099965216593e-05	1.8054219055901057e-31	8.745488011910682e-05	2.295156796254813e-05	0.0001449341975489067	0.009842762173231212	-19314.3891630153
O-Antigen nucleotide sugar biosynthesis	ko00541	99	0.004445049945714895	0.00018873275384899865	3.9138346199932767e-103	-5.26669348306565e-06	0.00020794549945056352	0.9797976345057364	-0.0007353628088833108	-13315.40121311935
Peptidoglycan biosynthesis	ko00550	53	0.006636386901611372	0.0003445028697009754	2.6518683424755655e-73	-0.000454646940404312	0.00037957280779910485	0.23120925654059654	0.00031952357514453134	-11677.38216568124
Teichoic acid biosynthesis	ko00552	41	0.003145931761233292	0.00023911574151163012	2.6757552359577487e-37	0.001184894585496085	0.0002634574088550109	7.46235020474879e-06	0.013940654533901253	-12671.333290791188
Lipoarabinomannan (LAM) biosynthesis	ko00571	14	0.000411429535282272	9.495273431079314e-05	1.5791698973304714e-05	0.00012773400195126812	0.00010461879752071079	0.2223178886573528	0.0003606871075136908	-15185.286678643792
Arabinogalactan biosynthesis - Mycobacterium	ko00572	12	0.0006697276841033481	0.00011922816497984374	2.350927945659781e-08	-6.60379364968004e-05	0.00013136543503807586	0.6152538118212844	-0.0005497790291497662	-14565.596768672216
Exopolysaccharide biosynthesis	ko00543	73	0.00266688922884967	0.00012927483968600684	1.7753772975254738e-82	0.0007231438453258782	0.00014243484798831516	4.366191802713661e-07	0.017891759277241626	-14345.38242817933
Thiamine metabolism	ko00730	36	0.0033433825009282657	0.00012947064024949257	5.7352509644469655e-120	0.00018996762674133557	0.00014265058079110843	0.18318244803031541	0.0005683694619091906	-14341.262787243579
Riboflavin metabolism	ko00740	54	0.0021101546258432513	9.764598121719875e-05	2.9023748309700785e-89	2.1567562830680274e-05	0.00010758621341262473	0.8411447968173776	-0.0007062430548294696	-15109.154333088718
Vitamin B6 metabolism	ko00750	24	0.001427716208647694	6.134404184334967e-05	4.090016346683503e-101	8.0260804336912e-05	6.75887844546454e-05	0.23524308256054943	0.0003014719006407818	-16374.4772648838
Nicotinate and nicotinamide metabolism	ko00760	95	0.0037641805704001943	0.00014808708900682668	6.312485416008461e-117	-0.00022298392126989566	0.0001631621594963974	0.17196424561529322	0.0006376113410249129	-13975.571884479652
Pantothenate and CoA biosynthesis	ko00770	45	0.003965682596780333	0.00014768977279200167	9.190699111094992e-128	-3.219935847895761e-05	0.000162724397014546	0.843171167112561	-0.0007070030527924764	-13982.884798550598
Biotin metabolism	ko00780	24	0.002674906114648744	0.0001236621529449804	2.0854901857064108e-89	0.00030020414029259437	0.00013625079713429063	0.027739452476478996	0.0028262690638511945	-14466.204941880898
Lipoic acid metabolism	ko00785	31	0.002752686071715201	0.00023003727586212591	1.9075495662581329e-31	-0.001259731148357461	0.00025345476736734763	7.537962047958847e-07	0.017130327532735357	-12776.691959318925
Folate biosynthesis	ko00790	84	0.0047502545556728035	0.0001850618804385104	8.420225856970654e-119	0.0004534666686619572	0.0002039009359649138	0.026315239818900053	0.002893061344816039	-13368.866071895127
One carbon pool by folate	ko00670	42	0.0027325395470999833	0.00010856505802065812	4.608059716477138e-115	-0.0007846291077217671	0.000119616837843883	7.652465950168092e-11	0.029976099422490687	-14820.619325627025
Retinol metabolism	ko00830	50	0.0002534620182561316	2.906745664306602e-05	7.98492780947694e-18	4.4536204252676304e-05	3.2026485419886404e-05	0.16457277789291216	0.0006861343654911423	-18407.481437444283
Porphyrin metabolism	ko00860	139	0.0107782371631975	0.00046884595152413814	4.679136562682083e-99	0.003449240291449171	0.0005165738514739469	3.5407909608053824e-11	0.031052150599604977	-10838.538437734458
Ubiquinone and other terpenoid-quinone biosynthesis	ko00130	59	0.0028396630568302524	0.00012435802168412157	6.021631633613567e-98	0.0007262012381806992	0.00013701750439395644	1.3493936611147713e-07	0.019530558275318355	-14450.930703154076
Terpenoid backbone biosynthesis	ko00900	63	0.0032146129732424714	0.00014356948051046485	8.98699975445788e-95	-0.0008559660597599976	0.0001581846644090864	7.391609315700884e-08	0.02037116137536721	-14059.903356469922
Monoterpenoid biosynthesis	ko00902	42	0.0	0.0		0.0	0.0			-inf
Sesquiterpenoid and triterpenoid biosynthesis	ko00909	75	0.00016428784693955044	1.793275140618412e-05	1.833857180177212e-19	0.0001225142399909264	1.9758281864870575e-05	7.445203158402017e-10	0.026797483031415825	-19722.18155520057
Diterpenoid biosynthesis	ko00904	68	0.0	0.0		0.0	0.0			-inf
Carotenoid biosynthesis	ko00906	56	0.0011221622523202557	7.816174399207361e-05	1.2607862734152224e-43	0.0007230626140468907	8.61185065172251e-05	1.1450212570591073e-16	0.048615126506875606	-15714.984921547868
Brassinosteroid biosynthesis	ko00905	12	0.0	0.0		0.0	0.0			-inf
Insect hormone biosynthesis	ko00981	18	0.00014954845737746468	2.704269997660873e-05	3.833858791507987e-08	3.582698399587085e-05	2.9795611193311055e-05	0.22940841724739747	0.0003277054963052306	-18604.015615076376
Zeatin biosynthesis	ko00908	10	0.00013211145855982626	1.5978110428884314e-05	3.200031904965742e-16	-0.0001646467903806427	1.7604661012200003e-05	3.406775691766838e-20	0.05977897902373386	-20036.32496523689
Limonene degradation	ko00903	9	0.0001588443842388501	3.669754459507731e-05	1.6114612692464338e-05	-3.581908071003652e-05	4.0433306269340845e-05	0.37583860697605986	-0.00015827181241712118	-17773.008747779564
Pinene, camphor and geraniol degradation	ko00907	25	0.0008465035623502099	0.00012663531944479605	3.3711926650305654e-11	-0.0002666128554214781	0.00013952662806530382	0.056235558033559764	0.0019456950142858753	-14401.535172705813
Type I polyketide structures	ko01052	127	5.8021113202349384e-06	1.4498994082984404e-05	0.6890917199877227	-1.48114164392822e-06	1.5974972571688322e-05	0.926142548452136	-0.0007295050784572599	-20300.741171903992
Biosynthesis of 12-, 14- and 16-membered macrolides	ko00522	59	6.084769128220619e-08	5.693176246212966e-07	0.9149013153773439	-5.121237055779495e-07	6.272734084757916e-07	0.4143983514900079	-0.0002452402597872272	-29112.933243221978
Biosynthesis of ansamycins	ko01051	32	0.00039936856442001115	4.5247730381631676e-05	3.2617960828943593e-18	-0.00034907733400591607	4.9853889700252245e-05	3.954783098923071e-12	0.034110196627339495	-17202.905817678144
Biosynthesis of enediyne antibiotics	ko01059	73	0.0001885750657753408	0.00012299518616006207	0.1254616443026414	-0.00022163236006949785	0.00013551593400969625	0.10218195015448986	0.0012299301942479968	-14480.925671618208
Biosynthesis of type II polyketide backbone	ko01056	9	-2.4207287567133306e-06	5.6789739796960924e-06	0.6699847130741357	-7.5682909447507585e-06	6.257086046227496e-06	0.22665998566752332	0.00034034278498562553	-22852.095438044653
Biosynthesis of type II polyketide products	ko01057	73	6.911683939699667e-05	1.6897755438416457e-05	4.561221998138748e-05	-1.1177924344835716e-05	1.861792467165672e-05	0.5483497269274591	-0.0004704695801489578	-19883.99881981757
Tetracycline biosynthesis	ko00253	17	1.0109665421399156e-05	5.8938953160894e-06	0.08652233010314545	3.6056419268614487e-06	6.493886091410147e-06	0.5788243542803746	-0.0005088709808938052	-22750.98254521887
Polyketide sugar unit biosynthesis	ko00523	59	0.0009398452872298227	6.51122743815165e-05	4.778607596440835e-44	0.00012502835045275526	7.174061809885692e-05	0.0815976584702572	0.0014957693201566036	-16212.205155847736
Nonribosomal peptide structures	ko01054	51	0.00019187896640525512	0.00018412386301285805	0.29754188294951417	8.447309037348984e-06	0.00020286742960158978	0.9667921585241649	-0.0007345584062030674	-13382.698073656864
Biosynthesis of siderophore group nonribosomal peptides	ko01053	36	0.00045270518078651425	0.00014081396353046914	0.0013355029776339613	7.045638043146078e-05	0.0001551486394321597	0.6498136745662306	-0.0005839977548816044	-14112.654331390318
Biosynthesis of vancomycin group antibiotics	ko01055	29	0.0002736504280196863	3.2973309235074644e-05	2.4999589883597284e-16	3.0364115043087794e-05	3.632994865804452e-05	0.40342140811389016	-0.0002217104264030656	-18064.29384639008
Phenylpropanoid biosynthesis	ko00940	32	0.0003980515542626585	3.62150340039557e-05	5.540764693653354e-27	-1.8364846790747347e-05	3.990167673596771e-05	0.6454086153465877	-0.0005798710768383231	-17809.035809980327
Stilbenoid, diarylheptanoid and gingerol biosynthesis	ko00945	12	0.0001305344958213869	1.1312123550464182e-05	1.8729883454370347e-29	4.780129064616318e-05	1.2463682819092383e-05	0.00013118361412147033	0.00997963277111047	-20976.353119356067
Flavonoid biosynthesis	ko00941	27	0.0001305344958213869	1.1312123550464182e-05	1.8729883454370347e-29	4.780129064616318e-05	1.2463682819092383e-05	0.00013118361412147033	0.00997963277111047	-20976.353119356067
Flavone and flavonol biosynthesis	ko00944	15	3.8789764152544414e-05	1.9099488149659774e-05	0.042456207682940915	-9.777874502516123e-06	2.104379087113179e-05	0.6422607337855051	-0.0005768809864956648	-19550.606252525424
Anthocyanin biosynthesis	ko00942	16	0.0	0.0		0.0	0.0			-inf
Isoflavonoid biosynthesis	ko00943	18	0.0	0.0		0.0	0.0			-inf
Degradation of flavonoids	ko00946	21	0.0007689381051099415	0.00018982955021295774	5.39577627791109e-05	-0.0003222243587994735	0.00020915394823885127	0.12364488709052981	0.0010088889629492614	-13299.62844322527
Indole alkaloid biosynthesis	ko00901	31	1.8332006648354654e-05	1.3330685877053331e-05	0.1693042952030837	-2.4546354246121178e-05	1.4687732130164835e-05	0.09490950439895016	0.0013166161957546274	-20529.418261709627
Indole diterpene alkaloid biosynthesis	ko00403	13	0.0	0.0		0.0	0.0			-inf
Isoquinoline alkaloid biosynthesis	ko00950	63	0.0005282633009814149	3.6003229333281377e-05	2.3408921628642717e-45	9.938981917838457e-05	3.966831062896663e-05	0.01234327335027517	0.0038656164910642055	-17825.00224118393
Tropane, piperidine and pyridine alkaloid biosynthesis	ko00960	33	0.0009022639923346113	4.73762236713477e-05	7.276985111890886e-72	0.00010036331843156733	5.219906080161442e-05	0.054726090101143196	0.001979008744853683	-17077.780973484976
Biosynthesis of various alkaloids	ko00996	14	4.607308669669745e-06	3.050997881214697e-06	0.13125063981131513	9.653090929519747e-07	3.361585444460823e-06	0.774034451123945	-0.0006751170790746386	-24543.27912208857
Caffeine metabolism	ko00232	16	1.2020042450392602e-05	5.658287019744514e-06	0.03382307508300742	-7.702812814563198e-07	6.23429318101722e-06	0.9016854897004929	-0.000724593799859452	-22862.029048549946
Betalain biosynthesis	ko00965	8	6.765374628386078e-05	1.803895819601714e-05	0.00018395690884588227	-5.281116166786482e-05	1.9875300365933394e-05	0.007973358451570845	0.004436344662289038	-19706.108050484225
Glucosinolate biosynthesis	ko00966	21	0.0006699715825076351	3.9147620428539744e-05	1.300684181042075e-59	2.9836406322265226e-06	4.313279659357321e-05	0.9448618012684702	-0.0007323116568485055	-17597.086454899134
Benzoxazinoid biosynthesis	ko00402	8	0.0	0.0		0.0	0.0			-inf
Penicillin and cephalosporin biosynthesis	ko00311	16	0.0004586413129978278	5.045018981033354e-05	3.3821713368022955e-19	9.155318133808888e-07	5.558595264221648e-05	0.98686140558848	-0.0007356354091714312	-16906.659676314124
Carbapenem biosynthesis	ko00332	19	0.000533158822411316	3.669059913686753e-05	1.4072166243145064e-44	6.397641458286023e-05	4.042565377263907e-05	0.11375225301557267	0.0011050472558646884	-17773.523968259113
Monobactam biosynthesis	ko00261	28	0.00164210726258161	9.311051932149653e-05	7.583873846538148e-63	-0.00020568338588621894	0.00010258904747345034	0.045169049750161436	0.0022154674339814884	-15238.616284552598
Clavulanic acid biosynthesis	ko00331	5	1.6378303772134946e-08	1.3772310432603332e-06	0.9905133682261276	-3.909892753433814e-07	1.5174313483430906e-06	0.7967043036800616	-0.0006869485130871489	-26708.340823025817
Streptomycin biosynthesis	ko00521	21	0.0017346794968390704	8.261644055553174e-05	5.33140670675302e-85	-5.762075001517877e-05	9.102668531977758e-05	0.5268339859693909	-0.00044085534422411143	-15564.10887571685
Neomycin, kanamycin and gentamicin biosynthesis	ko00524	58	0.0003269330308226612	2.7671934810720826e-05	9.87992729150006e-31	7.245800000906895e-05	3.0488901304235947e-05	0.01761386942296223	0.003405953800436179	-18541.405209651923
Acarbose and validamycin biosynthesis	ko00525	27	0.0005405635019883157	4.126216659560842e-05	5.146313481218474e-37	6.899811398471795e-05	4.5462600773584146e-05	0.12932525849703488	0.0009574512041001793	-17453.891895738543
Novobiocin biosynthesis	ko00401	30	0.0010476649272932173	5.712372931484249e-05	2.6505858403664937e-67	5.4665049819420845e-05	6.293884967289552e-05	0.3852509086313396	-0.0001806461329476594	-16568.49718930868
Staurosporine biosynthesis	ko00404	40	4.076096160017287e-05	5.022150718252411e-05	0.4171497607958706	-5.7921519506607156e-05	5.533399042428823e-05	0.29539548659140014	7.037057948233727e-05	-16919.02611498864
Phenazine biosynthesis	ko00405	16	0.0007641674291547146	4.086766803903369e-05	1.3050277229993333e-69	0.00010459465439631526	4.5027942783879334e-05	0.02033245111040207	0.0032217826157243667	-17480.041548526442
Prodigiosin biosynthesis	ko00333	20	0.0016073509870730574	9.417183450183015e-05	2.479331943413363e-59	0.0005580113597939133	0.00010375840314038198	8.858042324846685e-08	0.020118371841641447	-15207.765210895708
Aflatoxin biosynthesis	ko00254	20	0.0	0.0		0.0	0.0			-inf
Biosynthesis of various antibiotics	ko00998	74	9.054761399900005e-05	3.68213671204979e-05	0.01405226853591414	-0.00013304020007861512	4.0569733764657396e-05	0.0010670061696732205	0.007120832887822615	-17763.839808114386
Biosynthesis of various plant secondary metabolites	ko00999	73	0.0010386200517370897	0.00013968206808453995	1.8356950669591304e-13	-0.0004987020284424832	0.0001539015185216161	0.0012225360439664986	0.006936963795531992	-14134.622814223696
Biosynthesis of various other secondary metabolites	ko00997	42	0.00015569316958912355	3.615275247474591e-05	1.777395270312194e-05	2.4760883323820498e-05	3.9833055029168284e-05	0.5342983424686458	-0.00045137493850422317	-17813.721053860616
Benzoate degradation	ko00362	106	0.0031064430568009116	0.0003483660406516608	1.5074675557114072e-18	-0.000480486130780894	0.0003838292444611053	0.21084991811958456	0.0004167820101859121	-11647.028197881406
Aminobenzoate degradation	ko00627	89	0.001607638866986191	0.0001717120088154863	3.1181421099501564e-20	-0.0003017155679355146	0.00018919206500512422	0.1109988683949501	0.0011334588321879613	-13572.666436069654
Fluorobenzoate degradation	ko00364	18	0.00027033951252880984	4.3094362907359496e-05	4.744179457963353e-10	4.078066276096182e-05	4.748131225512902e-05	0.39055919485787305	-0.00019292565615147694	-17335.631392475254
Chloroalkane and chloroalkene degradation	ko00625	43	0.0011898335702610024	7.315567777795624e-05	1.7470086602365816e-54	0.0004642383346331336	8.060282936025369e-05	1.0414432456861967e-08	0.02310973709676578	-15895.155674437308
Chlorocyclohexane and chlorobenzene degradation	ko00361	41	0.0004700898642436132	5.884999668074934e-05	2.902290984641515e-15	3.639632950582454e-05	6.484084878151824e-05	0.5746733809646107	-0.0005038730304862682	-16487.45733636545
Toluene degradation	ko00623	46	0.0003421084966611773	5.8204741726670386e-05	5.227808564464546e-09	1.1056085148452864e-05	6.412990772352758e-05	0.8631476505437723	-0.0007139488896366064	-16517.46725821072
Xylene degradation	ko00622	34	0.0003147257379016666	8.543337785693429e-05	0.0002387354575510456	-0.0001042531153614686	9.413038312588142e-05	0.2682567392861718	0.00016662200794259618	-15472.84520533888
Nitrotoluene degradation	ko00633	22	0.0006637218756289224	0.0001037067312122801	2.1340431540567868e-10	0.00014254860729418347	0.00011426393976944214	0.21241522203832458	0.0004089143899014269	-14945.239516042648
Ethylbenzene degradation	ko00642	16	0.00021545558425469777	3.749285166858141e-05	1.1226719113713616e-08	-5.98870456607065e-05	4.130957455475299e-05	0.14736917012143755	0.0008093951386224374	-17714.647857636963
Styrene degradation	ko00643	25	0.0011385072933300584	0.00011492575003536479	2.19123237815487e-22	-0.0003226693707098721	0.00012662503992261513	0.01093644122475108	0.004023059800246642	-14665.637732762998
Atrazine degradation	ko00791	16	0.0005452631220845797	6.154619425503202e-05	2.4637227950490967e-18	0.0002384333442908098	6.781151571541031e-05	0.0004523104157852605	0.008285983038929245	-16365.521966588374
Caprolactam degradation	ko00930	22	0.00068094046508712	0.00010775154255496244	3.548667211897974e-10	-0.0002117689623895437	0.00011872050757595193	0.07468565740718384	0.0016016965077706447	-14841.093015870285
Bisphenol degradation	ko00363	2	7.667117507976934e-06	7.882831187896792e-06	0.33090782404144103	-9.19232104755284e-06	8.685293013650235e-06	0.29007133237252136	8.834771093946259e-05	-21959.50659409787
Dioxin degradation	ko00621	31	0.00015302805423026322	4.8927730560520954e-05	0.0017996027251881961	-3.0136726073851363e-05	5.390850904729757e-05	0.5762301590852089	-0.0005057558267091977	-16990.067707322552
Naphthalene degradation	ko00626	29	0.0005501526234552119	4.959481901064367e-05	1.962481519297571e-27	0.00019881741975364444	5.4643506222453806e-05	0.0002845607480887869	0.008918484378200087	-16953.20624730541
Polycyclic aromatic hydrocarbon degradation	ko00624	43	0.00012164840857849468	2.9173897037230392e-05	3.242082441631257e-05	3.7501338642841246e-05	3.2143761305893625e-05	0.24354612416696034	0.0002654675313417121	-18397.532112534154
Furfural degradation	ko00365	8	5.4941639651067724e-05	2.282020519437564e-05	0.01619088940248653	2.4137994184107566e-05	2.5143272007282075e-05	0.33721691276555643	-5.7624940410949677e-05	-19066.131626890445
Steroid degradation	ko00984	15	-2.141972527001109e-05	8.730391289251832e-05	0.8062250534061441	-0.0002869026941289018	9.619133616281694e-05	0.0029088107338322714	0.005772406830789056	-15413.890993695299
Metabolism of xenobiotics by cytochrome P450	ko00980	34	0.0008235410626752017	8.29726240906873e-05	1.83503479391937e-22	0.0002064189896902689	9.141912786938e-05	0.02410743438547472	0.0030044002010629622	-15552.39876575207
Drug metabolism - cytochrome P450	ko00982	25	0.0008284335451055223	8.725008701551493e-05	9.527554956011616e-21	0.0002007667784777957	9.61320308824744e-05	0.03694314696104983	0.0024656821407555984	-15415.569718238123
Drug metabolism - other enzymes	ko00983	32	0.0018280100903426085	0.00010316176903668134	2.267648780808809e-63	-0.0010469176369896798	0.00011366350116260012	1.1908795313357433e-19	0.05806512193639257	-14959.580901721523
RNA polymerase	ko03020	66	0.0016010937739515947	0.00015092491267361646	2.576084146874243e-25	-0.0014319231818795608	0.00016628886987235774	1.9726705372344687e-17	0.051041629475235495	-13923.903135973209
Basal transcription factors	ko03022	36	0.00041380965399476373	7.344828882076547e-05	2.1372209966102025e-08	0.00015197027378716592	8.092522782157428e-05	0.06060750289232749	0.0018543088297425792	-15884.289824969903
Spliceosome	ko03040	123	-4.979248530334494e-07	4.5500276260833896e-07	0.27400257265641936	-7.037123455138066e-07	5.013214441711451e-07	0.16063224455447875	0.0007130319010210107	-29723.0287221664
Ribosome	ko03010	143	0.0035750341418745767	0.0003200926326479281	9.001601069288509e-28	-0.0037207311632828587	0.00035267764078552026	4.59068283759674e-25	0.07501960094604188	-11877.42736120159
Aminoacyl-tRNA biosynthesis	ko00970	66	0.007516990783553921	0.0005805616238329795	3.0543969927847446e-36	-0.006051762666579107	0.0006396620319881991	1.2939000723617488e-20	0.061102976391998576	-10256.787972905442
Nucleocytoplasmic transport	ko03013	98	0.00012305092805550458	2.8733317920105437e-05	1.9777385219570158e-05	6.740097698318191e-05	3.165833181530643e-05	0.03343262636924213	0.002590838691887365	-18438.952840470316
mRNA surveillance pathway	ko03015	63	0.00011590482491482707	2.7638688371190723e-05	2.9236741036400038e-05	5.8294351259769394e-05	3.045227042097881e-05	0.055793449313875074	0.0019553532409758434	-18544.67752206114
Ribosome biogenesis in eukaryotes	ko03008	83	0.0006258064731832706	9.461598138273468e-05	5.3574142925493674e-11	0.00014025183668393292	0.00010424776358839936	0.1787301415394561	0.0005952491660466963	-15194.957498336003
Protein export	ko03060	39	0.002589571106817982	0.0001609740821847623	1.958873959546496e-53	-0.0019377231378147235	0.00017736103159543898	1.0830997202564717e-26	0.08006309712770687	-13748.440496129684
Protein processing in endoplasmic reticulum	ko04141	144	0.0006449629174049901	8.263635717721181e-05	1.1815178751693843e-14	-1.4895021294546054e-06	9.104862942729558e-05	0.9869500604680046	-0.0007356380961942577	-15563.452753155307
SNARE interactions in vesicular transport	ko04130	35	0.0	0.0		0.0	0.0			-inf
Ubiquitin mediated proteolysis	ko04120	133	5.066485156096584e-08	4.055661123193697e-07	0.9006023683094146	-9.564887214358721e-08	4.468522080377737e-07	0.8305399023966671	-0.0007020973353153437	-30036.112049742533
Sulfur relay system	ko04122	29	0.0021404931999040653	9.75046245999354e-05	1.138586641460978e-91	0.00011021109789694182	0.00010743046687802487	0.305129263750492	3.855445993117268e-05	-15113.097674979701
Proteasome	ko03050	49	0.00022774629712491004	4.365065121455959e-05	2.095317050795668e-07	7.548609230366233e-05	4.809422997884211e-05	0.11675362520927479	0.0010749269162960706	-17300.719010578458
RNA degradation	ko03018	79	0.004397718486371898	0.00020099831436954675	3.743736382521095e-91	-0.0019938809436204656	0.0002214596778667125	7.207044324968353e-19	0.05559521400552503	-13144.01182184095
DNA replication	ko03030	60	0.004793537190633454	0.00035049900365343817	5.475213957953749e-40	-0.0027578396954780413	0.00038617934028532585	1.5012104741730305e-12	0.03546017257928469	-11630.412848850774
Base excision repair	ko03410	52	0.002740087311780536	0.00012697074704574995	4.690703394424003e-89	-0.0012339545435875567	0.00013989620175395813	3.4246689059307056e-18	0.0534529276758392	-14394.334757709128
Nucleotide excision repair	ko03420	61	0.0038131581572336645	0.0002480620451572803	2.7595952045608024e-49	-0.002800230677080805	0.00027331443442101075	8.852919196407248e-24	0.07101879830716862	-12571.350996661635
Mismatch repair	ko03430	44	0.0053919858972805	0.0003889143456312534	5.588187187985418e-41	-0.003218140257220054	0.0004285053134469969	1.0650703340489145e-13	0.039142501913340455	-11347.321407245296
Homologous recombination	ko03440	72	0.0050884268528487465	0.00045229684366484646	3.8774589710798206e-28	-0.004125249567809439	0.0004983400662454698	2.961368143060837e-16	0.04730212771461295	-10936.355018099306
Non-homologous end-joining	ko03450	19	0.000268989394600748	4.943974013220158e-05	6.285750203165287e-08	-5.0545053344098234e-05	5.447264051857246e-05	0.35362525606074646	-0.00010222024973449706	-16961.73105027922
Fanconi anemia pathway	ko03460	54	0.0001598053491116249	3.812639296703839e-05	2.9506410804214717e-05	9.468871651144964e-05	4.2007609522417374e-05	0.02434957447247912	0.002991683666118461	-17669.03672325255
Viral genome structure	ko03230	119	0.0	0.0		0.0	0.0			-inf
Viral replication	ko03240	130	0.0	0.0		0.0	0.0			-inf
Viral life cycle - HIV-1	ko03250	60	2.5766070356056373e-05	1.7561705786026367e-05	0.14256022034683374	-9.356487683437361e-05	1.9349464289600202e-05	1.4791230953514441e-06	0.01619112945151724	-19779.09314366841
Virion - Human immunodeficiency virus	ko03260	20	0.0	0.0		0.0	0.0			-inf
Virion - Coronavirus	ko03262	28	0.0	0.0		0.0	0.0			-inf
Virion - Influenza A virus	ko03261	12	0.0	0.0		0.0	0.0			-inf
Virion - Enterovirus	ko03263	13	0.0	0.0		0.0	0.0			-inf
Virion - Flavivirus	ko03264	14	0.0	0.0		0.0	0.0			-inf
Virion - Lyssavirus	ko03265	8	0.0	0.0		0.0	0.0			-inf
Virion - Herpesvirus	ko03266	32	0.0	0.0		0.0	0.0			-inf
Virion - Orthopoxvirus	ko03268	46	0.0	0.0		0.0	0.0			-inf
Virion - Adenovirus	ko03267	19	0.0	0.0		0.0	0.0			-inf
ABC transporters	ko02010	515	0.025253604856222016	0.0014468435878114431	1.0308225125216137e-61	0.0024607801664548795	0.001594130358183676	0.12290583050009665	0.0010157737335926287	-7771.210890389508
Phosphotransferase system (PTS)	ko02060	72	0.0017426638010165784	0.00040259237522735815	1.6105118013646052e-05	-0.0004722888506099905	0.0004435757484290311	0.2871868119414385	9.826394936984784e-05	-11253.234263223436
Bacterial secretion system	ko03070	74	0.004872624176493007	0.00035979354896582653	2.731865622197293e-39	-0.0013292620837567553	0.00039642005806077274	0.0008209120357252619	0.007475837393973395	-11559.171227557385
Two-component system	ko02020	499	0.03147378738729277	0.001526736771444033	2.2319384969639907e-82	0.005246669672273189	0.0016821565626148718	0.0018527052148284327	0.0063769032443049545	-7624.908069848723
MAPK signaling pathway	ko04010	243	0.0	0.0		0.0	0.0			-inf
MAPK signaling pathway - fly	ko04013	84	0.0001504727245669887	1.3819347260912896e-05	1.5705461094927124e-26	-3.568871120963969e-05	1.5226138598870212e-05	0.019226163711492293	0.0032934686880696784	-20431.423541799246
MAPK signaling pathway - plant	ko04016	54	0.001428756558689218	8.11949521166589e-05	1.3385743042821228e-62	0.0002094609977676858	8.946049123127763e-05	0.019356468776635983	0.0032848067846391604	-15611.350872648523
MAPK signaling pathway - yeast	ko04011	91	0.0003790990385814622	4.72502824500186e-05	2.2071763630942438e-15	6.926201590487093e-05	5.20602989299382e-05	0.18360342622218973	0.0005658670942563226	-17085.026558700483
ErbB signaling pathway	ko04012	69	0.0	0.0		0.0	0.0			-inf
Ras signaling pathway	ko04014	182	8.943279141769694e-05	1.6599500785813207e-05	8.402977519331708e-08	5.13211115705019e-05	1.8289308088503064e-05	0.005086489237982165	0.0050290214905852615	-19932.4726777396
Rap1 signaling pathway	ko04015	162	0.0	0.0		0.0	0.0			-inf
Wnt signaling pathway	ko04310	126	3.658874688906305e-06	2.5312593153915115e-06	0.14855476925075398	1.6729825669366056e-06	2.7889381776260878e-06	0.5486971275910741	-0.000470930222813859	-25051.61746522793
Notch signaling pathway	ko04330	36	4.995721655726537e-06	1.4109124174568444e-06	0.0004124310777682654	4.511801902012907e-06	1.5545414420424521e-06	0.003763643814135448	0.005428863200288125	-26642.572929838632
Hedgehog signaling pathway	ko04340	45	1.1004071002288411e-05	4.371985514660153e-06	0.01195186389078396	4.318455450916289e-06	4.817047877995864e-06	0.3701476535649648	-0.00014435771966203603	-23564.043580356207
Hedgehog signaling pathway - fly	ko04341	26	1.1004071002288411e-05	4.371985514660153e-06	0.01195186389078396	4.318455450916289e-06	4.817047877995864e-06	0.3701476535649648	-0.00014435771966203603	-23564.043580356207
TGF-beta signaling pathway	ko04350	96	0.0	0.0		0.0	0.0			-inf
Hippo signaling pathway	ko04390	115	0.0	0.0		0.0	0.0			-inf
Hippo signaling pathway - fly	ko04391	53	0.0	0.0		0.0	0.0			-inf
Hippo signaling pathway - multiple species	ko04392	25	0.0	0.0		0.0	0.0			-inf
VEGF signaling pathway	ko04370	39	6.552375389980764e-07	9.280213902471209e-07	0.48027267712133637	4.717350064365691e-07	1.0224927446888295e-06	0.6446157512497229	-0.0005791212000914037	-27782.91970600488
Apelin signaling pathway	ko04371	105	2.5375383151417657e-05	5.994185619247656e-06	2.4571474179172733e-05	1.4371941723127539e-05	6.604385815252345e-06	0.029717986403962584	0.0027391689816165243	-22705.05474860353
JAK-STAT signaling pathway	ko04630	143	0.0	0.0		0.0	0.0			-inf
NF-kappa B signaling pathway	ko04064	97	6.552375389980764e-07	9.280213902471209e-07	0.48027267712133637	4.717350064365691e-07	1.0224927446888295e-06	0.6446157512497229	-0.0005791212000914037	-27782.91970600488
TNF signaling pathway	ko04668	94	6.552375389980764e-07	9.280213902471209e-07	0.48027267712133637	4.717350064365691e-07	1.0224927446888295e-06	0.6446157512497229	-0.0005791212000914037	-27782.91970600488
HIF-1 signaling pathway	ko04066	76	0.0010042898294796983	7.656604724163808e-05	4.270369006544651e-37	-0.000709145857326285	8.436036994064317e-05	1.0558488820851388e-16	0.04872709707754452	-15771.130498446491
FoxO signaling pathway	ko04068	102	0.0005145535066343157	5.8521747509482824e-05	4.3364728296691334e-18	-0.00011107849690712048	6.447918427723266e-05	0.08516970987906729	0.0014447525418751495	-16502.68240743853
Calcium signaling pathway	ko04020	198	9.696274163472071e-05	1.3259905992655018e-05	4.4633879731931716e-13	7.945669851838984e-05	1.4609746946819096e-05	6.360207049231494e-08	0.020581095369982205	-20543.909349482972
Phosphatidylinositol signaling system	ko04070	55	0.0002868884165396976	2.6558454558145114e-05	3.747434691912413e-26	-0.00020750901924361488	2.9262070229458915e-05	2.1285595320841134e-12	0.03497364882472276	-18653.19932772795
Phospholipase D signaling pathway	ko04072	108	2.797264244582574e-05	1.3911304306294025e-05	0.044545371701493364	-4.193986508707645e-06	1.532745675027639e-05	0.7844138393244586	-0.000680704927150888	-20413.37073879044
Sphingolipid signaling pathway	ko04071	83	6.719007145272686e-05	3.1584638804890435e-05	0.03357463594438776	-4.4657126404893025e-05	3.479991340826524e-05	0.19962190333136462	0.0004753186007572241	-18181.414795331806
cAMP signaling pathway	ko04024	172	2.4251105942984842e-05	2.3178919612760732e-05	0.2956284608368211	-7.26816231933538e-05	2.5538503080691233e-05	0.004494224020649437	0.005193113439356023	-19023.676886945752
cGMP-PKG signaling pathway	ko04022	121	5.675725502407514e-07	3.8323996884646917e-07	0.13884243698660462	4.924447784403558e-07	4.2225329258406446e-07	0.2437257789091944	0.0002647050496104031	-30190.238646590024
PI3K-Akt signaling pathway	ko04151	268	0.00022970755300426185	3.895961909542286e-05	4.691097000676878e-09	-0.00025514422268098835	4.292565697252132e-05	3.533245978592617e-09	0.024620799289669648	-17610.18999357537
AMPK signaling pathway	ko04152	85	0.00038899851189214845	4.068303498024737e-05	5.214859351152357e-21	-0.00015186537315003937	4.482451432304563e-05	0.0007241853786892701	0.007645892625228634	-17492.366936931667
mTOR signaling pathway	ko04150	117	2.5375383151417657e-05	5.994185619247656e-06	2.4571474179172733e-05	1.4371941723127539e-05	6.604385815252345e-06	0.029717986403962584	0.0027391689816165243	-22705.05474860353
Plant hormone signal transduction	ko04075	45	1.3088846406578273e-05	4.263398828507848e-06	0.002182651944299217	1.2121029033742122e-05	4.697407210305037e-06	0.009973700961160974	0.004143267641531945	-23632.503426082018
Neuroactive ligand-receptor interaction	ko04080	332	9.739609929316776e-05	1.0293265090059766e-05	1.2795386196588529e-20	4.0370371467502884e-05	1.1341105910222929e-05	0.0003841470449145385	0.008508679979726597	-21233.2697005826
Cytokine-cytokine receptor interaction	ko04060	274	0.0	0.0		0.0	0.0			-inf
Viral protein interaction with cytokine and cytokine receptor	ko04061	120	0.0	0.0		0.0	0.0			-inf
ECM-receptor interaction	ko04512	66	2.5755627350587396e-06	5.204534180557587e-06	0.620772573249126	2.653924152839478e-07	5.73434890082445e-06	0.9630929416624068	-0.0007342578954621093	-23089.56374039018
Cell adhesion molecules	ko04514	109	0.0	0.0		0.0	0.0			-inf
Quorum sensing	ko02024	283	0.01775763658057572	0.001012559126323535	3.1341435715974566e-62	0.0009239365641202393	0.0011156363108813447	0.40771962242526805	-0.00023103453441786215	-8742.702035087388
Biofilm formation - Vibrio cholerae	ko05111	106	0.0029767548324273244	0.0002815828356574854	3.7127773594661067e-25	0.00011721981078139439	0.00031024759721542315	0.7056183751256073	-0.0006307262570932615	-12226.343559794552
Biofilm formation - Pseudomonas aeruginosa	ko02025	90	0.007907748902621789	0.0007097622372874238	1.1929790971743995e-27	0.0021659355233734742	0.0007820150976124051	0.005687396571516249	0.0048813170899725256	-9709.845393769236
Biofilm formation - Escherichia coli	ko02026	61	0.00435936436933811	0.00026242128769896636	1.459851778162059e-56	0.0011864403530386473	0.000289135428928682	4.31317991415518e-05	0.011511493268766104	-12418.177840374698
Bacterial chemotaxis	ko02030	26	0.0054754641442468135	0.0007604761677203386	9.931066811942211e-13	-0.001084695048209045	0.0008378916393249849	0.19569442363933115	0.0004967143291012555	-9521.987280550984
Flagellar assembly	ko02040	55	0.0026712207495561604	0.0005670094871507107	2.716858107756471e-06	-0.0029180327243824708	0.000624730305652709	3.296438153082942e-06	0.015075862145143892	-10321.081384805837
Cell cycle - Caulobacter	ko04112	31	0.004545815758416517	0.0003114825517649486	6.34682652363863e-45	-0.0006967346406395805	0.0003431910650163063	0.04253416374688079	0.0022900171135472602	-11951.648428810504
Cell cycle	ko04110	133	6.463574590952102e-05	1.7682532961175946e-05	0.00026662665185180176	3.543041947208414e-05	1.948259151193588e-05	0.06919737458356967	0.0016935900797019343	-19760.429505527412
Regulation of actin cytoskeleton	ko04810	172	0.0	0.0		0.0	0.0			-inf
